sido,sigungu,cityGubun,marketType,userType,ageGroup,gender,dtYearMonth,userCount,useCount,useCost
제주도,서귀포시,도심,유흥,내국인관광객,60대이상,여,201812,24,33,3187500
제주도,서귀포시,도심,유흥,내국인관광객,60대이상,남,201812,152,216,40716600
제주도,서귀포시,도심,유흥,내국인관광객,50대,여,201812,52,62,6704200
제주도,서귀포시,도심,유흥,내국인관광객,50대,남,201812,335,499,91647400
제주도,서귀포시,도심,유흥,내국인관광객,40대,여,201812,79,93,10092400
제주도,서귀포시,도심,유흥,내국인관광객,40대,남,201812,240,328,51471400
제주도,서귀포시,도심,유흥,내국인관광객,30대,여,201812,129,162,7797400
제주도,서귀포시,도심,유흥,내국인관광객,30대,남,201812,279,366,25944600
제주도,서귀포시,도심,유흥,내국인관광객,20대미만,여,201812,1,1,33000
제주도,서귀포시,도심,유흥,내국인관광객,20대미만,남,201812,1,2,410000
제주도,서귀포시,도심,유흥,내국인관광객,20대,여,201812,173,232,7949300
제주도,서귀포시,도심,유흥,내국인관광객,20대,남,201812,254,372,17184500
제주도,서귀포시,도심,식음료,내국인관광객,60대이상,여,201812,1731,2407,88564121
제주도,서귀포시,도심,식음료,내국인관광객,60대이상,남,201812,3182,4761,208735325
제주도,서귀포시,도심,식음료,내국인관광객,50대,여,201812,3830,5266,208787835
제주도,서귀포시,도심,식음료,내국인관광객,50대,남,201812,6559,9891,434573533
제주도,서귀포시,도심,식음료,내국인관광객,40대,여,201812,5585,7776,287502577
제주도,서귀포시,도심,식음료,내국인관광객,40대,남,201812,8449,12698,480625360
제주도,서귀포시,도심,식음료,내국인관광객,30대,여,201812,8313,11598,344964130
제주도,서귀포시,도심,식음료,내국인관광객,30대,남,201812,9818,14185,460627519
제주도,서귀포시,도심,식음료,내국인관광객,20대미만,여,201812,127,201,3893100
제주도,서귀포시,도심,식음료,내국인관광객,20대미만,남,201812,176,237,5799250
제주도,서귀포시,도심,식음료,내국인관광객,20대,여,201812,7900,11047,279519641
제주도,서귀포시,도심,식음료,내국인관광객,20대,남,201812,6224,8834,240344415
제주도,서귀포시,도심,숙박,내국인관광객,60대이상,여,201812,202,257,40816643
제주도,서귀포시,도심,숙박,내국인관광객,60대이상,남,201812,482,648,93441536
제주도,서귀포시,도심,숙박,내국인관광객,50대,여,201812,529,655,64865997
제주도,서귀포시,도심,숙박,내국인관광객,50대,남,201812,947,1179,159847867
제주도,서귀포시,도심,숙박,내국인관광객,40대,여,201812,771,987,140264718
제주도,서귀포시,도심,숙박,내국인관광객,40대,남,201812,1243,1604,247019216
제주도,서귀포시,도심,숙박,내국인관광객,30대,여,201812,1133,1439,191758069
제주도,서귀포시,도심,숙박,내국인관광객,30대,남,201812,1328,1618,212326066
제주도,서귀포시,도심,숙박,내국인관광객,20대미만,여,201812,13,15,433860
제주도,서귀포시,도심,숙박,내국인관광객,20대미만,남,201812,10,16,1952484
제주도,서귀포시,도심,숙박,내국인관광객,20대,여,201812,877,1011,92674617
제주도,서귀포시,도심,숙박,내국인관광객,20대,남,201812,658,786,68516293
제주도,서귀포시,도심,쇼핑,내국인관광객,60대이상,여,201812,1374,2926,88235260
제주도,서귀포시,도심,쇼핑,내국인관광객,60대이상,남,201812,2183,4520,112540630
제주도,서귀포시,도심,쇼핑,내국인관광객,50대,여,201812,2888,5633,162688500
제주도,서귀포시,도심,쇼핑,내국인관광객,50대,남,201812,4985,11098,249847173
제주도,서귀포시,도심,쇼핑,내국인관광객,40대,여,201812,4187,7727,199106344
제주도,서귀포시,도심,쇼핑,내국인관광객,40대,남,201812,7140,15522,311759290
제주도,서귀포시,도심,쇼핑,내국인관광객,30대,여,201812,5496,9512,195012400
제주도,서귀포시,도심,쇼핑,내국인관광객,30대,남,201812,7968,15824,265320350
제주도,서귀포시,도심,쇼핑,내국인관광객,20대미만,여,201812,135,256,3218940
제주도,서귀포시,도심,쇼핑,내국인관광객,20대미만,남,201812,204,367,3120820
제주도,서귀포시,도심,쇼핑,내국인관광객,20대,여,201812,5457,9500,142774040
제주도,서귀포시,도심,쇼핑,내국인관광객,20대,남,201812,5736,11849,143934490
제주도,서귀포시,도심,소매,내국인관광객,60대이상,여,201812,710,898,87160251
제주도,서귀포시,도심,소매,내국인관광객,60대이상,남,201812,873,1113,107936932
제주도,서귀포시,도심,소매,내국인관광객,50대,여,201812,1358,1741,96392984
제주도,서귀포시,도심,소매,내국인관광객,50대,남,201812,1691,2323,133394727
제주도,서귀포시,도심,소매,내국인관광객,40대,여,201812,1693,2201,89541289
제주도,서귀포시,도심,소매,내국인관광객,40대,남,201812,2091,2824,110320475
제주도,서귀포시,도심,소매,내국인관광객,30대,여,201812,2366,3304,102022330
제주도,서귀포시,도심,소매,내국인관광객,30대,남,201812,2370,3328,105957538
제주도,서귀포시,도심,소매,내국인관광객,20대미만,여,201812,51,64,1316000
제주도,서귀포시,도심,소매,내국인관광객,20대미만,남,201812,39,51,845500
제주도,서귀포시,도심,소매,내국인관광객,20대,여,201812,2491,3717,78478906
제주도,서귀포시,도심,소매,내국인관광객,20대,남,201812,1557,2194,52031240
제주도,서귀포시,도심,문화/레져,내국인관광객,60대이상,여,201812,177,231,11770830
제주도,서귀포시,도심,문화/레져,내국인관광객,60대이상,남,201812,436,601,44463070
제주도,서귀포시,도심,문화/레져,내국인관광객,50대,여,201812,392,465,18722940
제주도,서귀포시,도심,문화/레져,내국인관광객,50대,남,201812,800,1049,72311160
제주도,서귀포시,도심,문화/레져,내국인관광객,40대,여,201812,605,765,23610635
제주도,서귀포시,도심,문화/레져,내국인관광객,40대,남,201812,968,1236,51271750
제주도,서귀포시,도심,문화/레져,내국인관광객,30대,여,201812,664,840,20322700
제주도,서귀포시,도심,문화/레져,내국인관광객,30대,남,201812,715,876,25917220
제주도,서귀포시,도심,문화/레져,내국인관광객,20대미만,여,201812,17,33,385300
제주도,서귀포시,도심,문화/레져,내국인관광객,20대미만,남,201812,15,17,270200
제주도,서귀포시,도심,문화/레져,내국인관광객,20대,여,201812,439,498,9905150
제주도,서귀포시,도심,문화/레져,내국인관광객,20대,남,201812,468,586,13045040
제주도,서귀포시,도심,교통,내국인관광객,60대이상,여,201812,262,316,17567459
제주도,서귀포시,도심,교통,내국인관광객,60대이상,남,201812,592,763,41331590
제주도,서귀포시,도심,교통,내국인관광객,50대,여,201812,558,676,30816343
제주도,서귀포시,도심,교통,내국인관광객,50대,남,201812,1086,1404,66244605
제주도,서귀포시,도심,교통,내국인관광객,40대,여,201812,662,791,32840445
제주도,서귀포시,도심,교통,내국인관광객,40대,남,201812,1404,1735,73910009
제주도,서귀포시,도심,교통,내국인관광객,30대,여,201812,873,977,34295276
제주도,서귀포시,도심,교통,내국인관광객,30대,남,201812,1347,1583,59880991
제주도,서귀포시,도심,교통,내국인관광객,20대미만,여,201812,5,6,259180
제주도,서귀포시,도심,교통,내국인관광객,20대미만,남,201812,5,5,150000
제주도,서귀포시,도심,교통,내국인관광객,20대,여,201812,626,673,20745412
제주도,서귀포시,도심,교통,내국인관광객,20대,남,201812,666,724,24590395
제주도,서귀포시,도심,유흥,내국인관광객,60대이상,여,201811,40,52,4621800
제주도,서귀포시,도심,유흥,내국인관광객,60대이상,남,201811,82,120,14998300
제주도,서귀포시,도심,유흥,내국인관광객,50대,여,201811,60,66,5774700
제주도,서귀포시,도심,유흥,내국인관광객,50대,남,201811,272,366,62126100
제주도,서귀포시,도심,유흥,내국인관광객,40대,여,201811,80,93,6192700
제주도,서귀포시,도심,유흥,내국인관광객,40대,남,201811,256,332,51459100
제주도,서귀포시,도심,유흥,내국인관광객,30대,여,201811,105,126,5899300
제주도,서귀포시,도심,유흥,내국인관광객,30대,남,201811,242,293,24501100
제주도,서귀포시,도심,유흥,내국인관광객,20대미만,여,201811,1,1,49900
제주도,서귀포시,도심,유흥,내국인관광객,20대미만,남,201811,1,1,32000
제주도,서귀포시,도심,유흥,내국인관광객,20대,여,201811,171,202,8724600
제주도,서귀포시,도심,유흥,내국인관광객,20대,남,201811,184,263,11749500
제주도,서귀포시,도심,식음료,내국인관광객,60대이상,여,201811,2025,2697,112577583
제주도,서귀포시,도심,식음료,내국인관광객,60대이상,남,201811,3391,4878,221583935
제주도,서귀포시,도심,식음료,내국인관광객,50대,여,201811,4117,5513,237599830
제주도,서귀포시,도심,식음료,내국인관광객,50대,남,201811,5934,9062,426691636
제주도,서귀포시,도심,식음료,내국인관광객,40대,여,201811,5570,7728,292189190
제주도,서귀포시,도심,식음료,내국인관광객,40대,남,201811,7894,11730,462209536
제주도,서귀포시,도심,식음료,내국인관광객,30대,여,201811,7603,10693,328239710
제주도,서귀포시,도심,식음료,내국인관광객,30대,남,201811,8589,12577,397910235
제주도,서귀포시,도심,식음료,내국인관광객,20대미만,여,201811,127,220,2515970
제주도,서귀포시,도심,식음료,내국인관광객,20대미만,남,201811,153,176,1733120
제주도,서귀포시,도심,식음료,내국인관광객,20대,여,201811,5952,8366,213830120
제주도,서귀포시,도심,식음료,내국인관광객,20대,남,201811,5036,7356,191456044
제주도,서귀포시,도심,숙박,내국인관광객,60대이상,여,201811,232,293,47106546
제주도,서귀포시,도심,숙박,내국인관광객,60대이상,남,201811,463,611,95513381
제주도,서귀포시,도심,숙박,내국인관광객,50대,여,201811,501,592,80123734
제주도,서귀포시,도심,숙박,내국인관광객,50대,남,201811,790,1008,161023316
제주도,서귀포시,도심,숙박,내국인관광객,40대,여,201811,768,968,128877980
제주도,서귀포시,도심,숙박,내국인관광객,40대,남,201811,1082,1411,189509146
제주도,서귀포시,도심,숙박,내국인관광객,30대,여,201811,1103,1379,188244613
제주도,서귀포시,도심,숙박,내국인관광객,30대,남,201811,1153,1450,193843000
제주도,서귀포시,도심,숙박,내국인관광객,20대미만,여,201811,4,4,126400
제주도,서귀포시,도심,숙박,내국인관광객,20대미만,남,201811,1,1,90000
제주도,서귀포시,도심,숙박,내국인관광객,20대,여,201811,647,728,77715764
제주도,서귀포시,도심,숙박,내국인관광객,20대,남,201811,446,527,49521401
제주도,서귀포시,도심,쇼핑,내국인관광객,60대이상,여,201811,1593,3166,111933870
제주도,서귀포시,도심,쇼핑,내국인관광객,60대이상,남,201811,2487,5071,131095100
제주도,서귀포시,도심,쇼핑,내국인관광객,50대,여,201811,3236,6068,173587840
제주도,서귀포시,도심,쇼핑,내국인관광객,50대,남,201811,5080,11098,245000260
제주도,서귀포시,도심,쇼핑,내국인관광객,40대,여,201811,4447,8234,197315310
제주도,서귀포시,도심,쇼핑,내국인관광객,40대,남,201811,7255,15698,297408940
제주도,서귀포시,도심,쇼핑,내국인관광객,30대,여,201811,5613,9753,190847000
제주도,서귀포시,도심,쇼핑,내국인관광객,30대,남,201811,7736,15750,250723660
제주도,서귀포시,도심,쇼핑,내국인관광객,20대미만,여,201811,245,410,3443590
제주도,서귀포시,도심,쇼핑,내국인관광객,20대미만,남,201811,340,566,2863410
제주도,서귀포시,도심,쇼핑,내국인관광객,20대,여,201811,4609,8309,120723564
제주도,서귀포시,도심,쇼핑,내국인관광객,20대,남,201811,5112,11231,127508040
제주도,서귀포시,도심,소매,내국인관광객,60대이상,여,201811,1042,1274,159388302
제주도,서귀포시,도심,소매,내국인관광객,60대이상,남,201811,1104,1394,168818763
제주도,서귀포시,도심,소매,내국인관광객,50대,여,201811,1630,2075,156620369
제주도,서귀포시,도심,소매,내국인관광객,50대,남,201811,1762,2344,165362782
제주도,서귀포시,도심,소매,내국인관광객,40대,여,201811,1908,2449,105688608
제주도,서귀포시,도심,소매,내국인관광객,40대,남,201811,2076,2783,124122779
제주도,서귀포시,도심,소매,내국인관광객,30대,여,201811,2307,3141,99397813
제주도,서귀포시,도심,소매,내국인관광객,30대,남,201811,2261,3149,104040781
제주도,서귀포시,도심,소매,내국인관광객,20대미만,여,201811,103,118,1567200
제주도,서귀포시,도심,소매,내국인관광객,20대미만,남,201811,74,78,934650
제주도,서귀포시,도심,소매,내국인관광객,20대,여,201811,1943,3004,66311834
제주도,서귀포시,도심,소매,내국인관광객,20대,남,201811,1196,1736,41411740
제주도,서귀포시,도심,문화/레져,내국인관광객,60대이상,여,201811,212,264,15776250
제주도,서귀포시,도심,문화/레져,내국인관광객,60대이상,남,201811,442,603,55370780
제주도,서귀포시,도심,문화/레져,내국인관광객,50대,여,201811,453,573,30115710
제주도,서귀포시,도심,문화/레져,내국인관광객,50대,남,201811,828,1008,80994210
제주도,서귀포시,도심,문화/레져,내국인관광객,40대,여,201811,601,745,29683535
제주도,서귀포시,도심,문화/레져,내국인관광객,40대,남,201811,937,1148,64534630
제주도,서귀포시,도심,문화/레져,내국인관광객,30대,여,201811,619,778,19845475
제주도,서귀포시,도심,문화/레져,내국인관광객,30대,남,201811,711,936,28644330
제주도,서귀포시,도심,문화/레져,내국인관광객,20대미만,여,201811,10,23,173500
제주도,서귀포시,도심,문화/레져,내국인관광객,20대미만,남,201811,5,5,87900
제주도,서귀포시,도심,문화/레져,내국인관광객,20대,여,201811,398,461,9749100
제주도,서귀포시,도심,문화/레져,내국인관광객,20대,남,201811,451,559,11975400
제주도,서귀포시,도심,교통,내국인관광객,60대이상,여,201811,297,352,20185967
제주도,서귀포시,도심,교통,내국인관광객,60대이상,남,201811,698,898,48715236
제주도,서귀포시,도심,교통,내국인관광객,50대,여,201811,592,715,35201780
제주도,서귀포시,도심,교통,내국인관광객,50대,남,201811,1112,1432,69590932
제주도,서귀포시,도심,교통,내국인관광객,40대,여,201811,686,842,33727175
제주도,서귀포시,도심,교통,내국인관광객,40대,남,201811,1361,1716,75097083
제주도,서귀포시,도심,교통,내국인관광객,30대,여,201811,836,947,34248826
제주도,서귀포시,도심,교통,내국인관광객,30대,남,201811,1300,1542,60542319
제주도,서귀포시,도심,교통,내국인관광객,20대미만,여,201811,5,9,413040
제주도,서귀포시,도심,교통,내국인관광객,20대미만,남,201811,3,3,71000
제주도,서귀포시,도심,교통,내국인관광객,20대,여,201811,495,543,17951608
제주도,서귀포시,도심,교통,내국인관광객,20대,남,201811,544,612,20977290
제주도,서귀포시,도심,유흥,내국인관광객,60대이상,여,201810,31,41,4232300
제주도,서귀포시,도심,유흥,내국인관광객,60대이상,남,201810,86,117,16892700
제주도,서귀포시,도심,유흥,내국인관광객,50대,여,201810,82,97,6484400
제주도,서귀포시,도심,유흥,내국인관광객,50대,남,201810,258,348,59689600
제주도,서귀포시,도심,유흥,내국인관광객,40대,여,201810,86,107,7077100
제주도,서귀포시,도심,유흥,내국인관광객,40대,남,201810,266,362,56635600
제주도,서귀포시,도심,유흥,내국인관광객,30대,여,201810,117,141,6395750
제주도,서귀포시,도심,유흥,내국인관광객,30대,남,201810,245,311,24335100
제주도,서귀포시,도심,유흥,내국인관광객,20대미만,여,201810,1,1,12000
제주도,서귀포시,도심,유흥,내국인관광객,20대미만,남,201810,1,2,26900
제주도,서귀포시,도심,유흥,내국인관광객,20대,여,201810,157,189,7051700
제주도,서귀포시,도심,유흥,내국인관광객,20대,남,201810,243,328,14538800
제주도,서귀포시,도심,식음료,내국인관광객,60대이상,여,201810,2222,2900,131679090
제주도,서귀포시,도심,식음료,내국인관광객,60대이상,남,201810,3502,4931,231224866
제주도,서귀포시,도심,식음료,내국인관광객,50대,여,201810,4297,5764,245503300
제주도,서귀포시,도심,식음료,내국인관광객,50대,남,201810,6158,9434,419604995
제주도,서귀포시,도심,식음료,내국인관광객,40대,여,201810,6160,8430,324242369
제주도,서귀포시,도심,식음료,내국인관광객,40대,남,201810,9113,13576,527556210
제주도,서귀포시,도심,식음료,내국인관광객,30대,여,201810,9152,12539,401471790
제주도,서귀포시,도심,식음료,내국인관광객,30대,남,201810,10480,15100,500544400
제주도,서귀포시,도심,식음료,내국인관광객,20대미만,여,201810,389,457,3901700
제주도,서귀포시,도심,식음료,내국인관광객,20대미만,남,201810,435,486,4556380
제주도,서귀포시,도심,식음료,내국인관광객,20대,여,201810,6352,9052,235528048
제주도,서귀포시,도심,식음료,내국인관광객,20대,남,201810,5725,8560,219376909
제주도,서귀포시,도심,숙박,내국인관광객,60대이상,여,201810,268,358,61316698
제주도,서귀포시,도심,숙박,내국인관광객,60대이상,남,201810,493,614,121386691
제주도,서귀포시,도심,숙박,내국인관광객,50대,여,201810,537,644,102964221
제주도,서귀포시,도심,숙박,내국인관광객,50대,남,201810,840,1037,149956831
제주도,서귀포시,도심,숙박,내국인관광객,40대,여,201810,817,1009,136588296
제주도,서귀포시,도심,숙박,내국인관광객,40대,남,201810,1320,1664,265156262
제주도,서귀포시,도심,숙박,내국인관광객,30대,여,201810,1342,1643,271203059
제주도,서귀포시,도심,숙박,내국인관광객,30대,남,201810,1404,1834,309668986
제주도,서귀포시,도심,숙박,내국인관광객,20대미만,여,201810,20,21,657024
제주도,서귀포시,도심,숙박,내국인관광객,20대미만,남,201810,12,12,483300
제주도,서귀포시,도심,숙박,내국인관광객,20대,여,201810,694,819,93532269
제주도,서귀포시,도심,숙박,내국인관광객,20대,남,201810,486,597,56047259
제주도,서귀포시,도심,쇼핑,내국인관광객,60대이상,여,201810,1745,3579,123691460
제주도,서귀포시,도심,쇼핑,내국인관광객,60대이상,남,201810,2575,5621,144707230
제주도,서귀포시,도심,쇼핑,내국인관광객,50대,여,201810,3448,6593,193686205
제주도,서귀포시,도심,쇼핑,내국인관광객,50대,남,201810,5191,11617,250655040
제주도,서귀포시,도심,쇼핑,내국인관광객,40대,여,201810,5004,9294,228330650
제주도,서귀포시,도심,쇼핑,내국인관광객,40대,남,201810,8430,17716,339614500
제주도,서귀포시,도심,쇼핑,내국인관광객,30대,여,201810,6800,11508,230579440
제주도,서귀포시,도심,쇼핑,내국인관광객,30대,남,201810,9484,18675,314066250
제주도,서귀포시,도심,쇼핑,내국인관광객,20대미만,여,201810,722,1131,5136370
제주도,서귀포시,도심,쇼핑,내국인관광객,20대미만,남,201810,1057,1576,7493540
제주도,서귀포시,도심,쇼핑,내국인관광객,20대,여,201810,4849,8781,135728210
제주도,서귀포시,도심,쇼핑,내국인관광객,20대,남,201810,6167,15469,159169170
제주도,서귀포시,도심,소매,내국인관광객,60대이상,여,201810,1031,1314,170761450
제주도,서귀포시,도심,소매,내국인관광객,60대이상,남,201810,1056,1292,142827197
제주도,서귀포시,도심,소매,내국인관광객,50대,여,201810,1662,2130,152604864
제주도,서귀포시,도심,소매,내국인관광객,50대,남,201810,1605,2115,135742706
제주도,서귀포시,도심,소매,내국인관광객,40대,여,201810,2044,2637,122591295
제주도,서귀포시,도심,소매,내국인관광객,40대,남,201810,2369,3222,126951419
제주도,서귀포시,도심,소매,내국인관광객,30대,여,201810,2688,3666,116103947
제주도,서귀포시,도심,소매,내국인관광객,30대,남,201810,2704,3794,118132254
제주도,서귀포시,도심,소매,내국인관광객,20대미만,여,201810,297,362,4303800
제주도,서귀포시,도심,소매,내국인관광객,20대미만,남,201810,246,280,3397100
제주도,서귀포시,도심,소매,내국인관광객,20대,여,201810,1932,2755,60398546
제주도,서귀포시,도심,소매,내국인관광객,20대,남,201810,1262,1835,45577620
제주도,서귀포시,도심,문화/레져,내국인관광객,60대이상,여,201810,211,260,13818540
제주도,서귀포시,도심,문화/레져,내국인관광객,60대이상,남,201810,487,664,52665904
제주도,서귀포시,도심,문화/레져,내국인관광객,50대,여,201810,457,541,32170100
제주도,서귀포시,도심,문화/레져,내국인관광객,50대,남,201810,826,1013,93523080
제주도,서귀포시,도심,문화/레져,내국인관광객,40대,여,201810,693,825,34169600
제주도,서귀포시,도심,문화/레져,내국인관광객,40대,남,201810,1141,1379,75201104
제주도,서귀포시,도심,문화/레져,내국인관광객,30대,여,201810,751,868,23684643
제주도,서귀포시,도심,문화/레져,내국인관광객,30대,남,201810,846,1007,29252140
제주도,서귀포시,도심,문화/레져,내국인관광객,20대미만,여,201810,35,46,401300
제주도,서귀포시,도심,문화/레져,내국인관광객,20대미만,남,201810,24,26,558900
제주도,서귀포시,도심,문화/레져,내국인관광객,20대,여,201810,407,442,11162650
제주도,서귀포시,도심,문화/레져,내국인관광객,20대,남,201810,635,797,19457600
제주도,서귀포시,도심,교통,내국인관광객,60대이상,여,201810,328,397,23563530
제주도,서귀포시,도심,교통,내국인관광객,60대이상,남,201810,681,870,48377529
제주도,서귀포시,도심,교통,내국인관광객,50대,여,201810,641,804,38874433
제주도,서귀포시,도심,교통,내국인관광객,50대,남,201810,1183,1528,74098026
제주도,서귀포시,도심,교통,내국인관광객,40대,여,201810,818,973,40762435
제주도,서귀포시,도심,교통,내국인관광객,40대,남,201810,1665,2068,90937238
제주도,서귀포시,도심,교통,내국인관광객,30대,여,201810,1019,1160,41746562
제주도,서귀포시,도심,교통,내국인관광객,30대,남,201810,1645,1926,72876815
제주도,서귀포시,도심,교통,내국인관광객,20대미만,여,201810,7,7,259160
제주도,서귀포시,도심,교통,내국인관광객,20대,여,201810,595,649,22172643
제주도,서귀포시,도심,교통,내국인관광객,20대,남,201810,631,707,25005167
제주도,서귀포시,도심,유흥,내국인관광객,60대이상,여,201809,30,41,4618000
제주도,서귀포시,도심,유흥,내국인관광객,60대이상,남,201809,79,106,15848350
제주도,서귀포시,도심,유흥,내국인관광객,50대,여,201809,67,83,6499500
제주도,서귀포시,도심,유흥,내국인관광객,50대,남,201809,258,348,60922800
제주도,서귀포시,도심,유흥,내국인관광객,40대,여,201809,83,101,7477700
제주도,서귀포시,도심,유흥,내국인관광객,40대,남,201809,282,370,58584600
제주도,서귀포시,도심,유흥,내국인관광객,30대,여,201809,161,196,8172908
제주도,서귀포시,도심,유흥,내국인관광객,30대,남,201809,376,508,36767400
제주도,서귀포시,도심,유흥,내국인관광객,20대,여,201809,205,276,8912500
제주도,서귀포시,도심,유흥,내국인관광객,20대,남,201809,267,376,17520420
제주도,서귀포시,도심,식음료,내국인관광객,60대이상,여,201809,2041,2760,117854995
제주도,서귀포시,도심,식음료,내국인관광객,60대이상,남,201809,3217,4607,212975748
제주도,서귀포시,도심,식음료,내국인관광객,50대,여,201809,4035,5375,230087100
제주도,서귀포시,도심,식음료,내국인관광객,50대,남,201809,5916,8784,390463858
제주도,서귀포시,도심,식음료,내국인관광객,40대,여,201809,6127,8555,316890380
제주도,서귀포시,도심,식음료,내국인관광객,40대,남,201809,9148,13515,518446865
제주도,서귀포시,도심,식음료,내국인관광객,30대,여,201809,10651,14457,463932664
제주도,서귀포시,도심,식음료,내국인관광객,30대,남,201809,12507,17455,570211610
제주도,서귀포시,도심,식음료,내국인관광객,20대미만,여,201809,211,307,3411050
제주도,서귀포시,도심,식음료,내국인관광객,20대미만,남,201809,228,245,3197950
제주도,서귀포시,도심,식음료,내국인관광객,20대,여,201809,7984,10855,280175691
제주도,서귀포시,도심,식음료,내국인관광객,20대,남,201809,6395,9352,239429895
제주도,서귀포시,도심,숙박,내국인관광객,60대이상,여,201809,217,277,61251807
제주도,서귀포시,도심,숙박,내국인관광객,60대이상,남,201809,391,524,84612975
제주도,서귀포시,도심,숙박,내국인관광객,50대,여,201809,430,528,65628241
제주도,서귀포시,도심,숙박,내국인관광객,50대,남,201809,715,964,157407225
제주도,서귀포시,도심,숙박,내국인관광객,40대,여,201809,766,976,149658401
제주도,서귀포시,도심,숙박,내국인관광객,40대,남,201809,1189,1615,279221436
제주도,서귀포시,도심,숙박,내국인관광객,30대,여,201809,1462,1859,268696307
제주도,서귀포시,도심,숙박,내국인관광객,30대,남,201809,1692,2202,331231705
제주도,서귀포시,도심,숙박,내국인관광객,20대미만,여,201809,9,10,125500
제주도,서귀포시,도심,숙박,내국인관광객,20대미만,남,201809,12,17,602397
제주도,서귀포시,도심,숙박,내국인관광객,20대,여,201809,874,1018,104098296
제주도,서귀포시,도심,숙박,내국인관광객,20대,남,201809,542,637,66306023
제주도,서귀포시,도심,쇼핑,내국인관광객,60대이상,여,201809,1679,3376,114601820
제주도,서귀포시,도심,쇼핑,내국인관광객,60대이상,남,201809,2413,5180,145308110
제주도,서귀포시,도심,쇼핑,내국인관광객,50대,여,201809,3211,6194,182783425
제주도,서귀포시,도심,쇼핑,내국인관광객,50대,남,201809,4834,10752,239401340
제주도,서귀포시,도심,쇼핑,내국인관광객,40대,여,201809,4905,8982,229848500
제주도,서귀포시,도심,쇼핑,내국인관광객,40대,남,201809,8283,17391,349130050
제주도,서귀포시,도심,쇼핑,내국인관광객,30대,여,201809,7674,12668,263301510
제주도,서귀포시,도심,쇼핑,내국인관광객,30대,남,201809,10693,20375,347737927
제주도,서귀포시,도심,쇼핑,내국인관광객,20대미만,여,201809,348,624,3699880
제주도,서귀포시,도심,쇼핑,내국인관광객,20대미만,남,201809,526,888,4385960
제주도,서귀포시,도심,쇼핑,내국인관광객,20대,여,201809,5772,9637,138299771
제주도,서귀포시,도심,쇼핑,내국인관광객,20대,남,201809,6216,13900,154944110
제주도,서귀포시,도심,소매,내국인관광객,60대이상,여,201809,818,1051,105013550
제주도,서귀포시,도심,소매,내국인관광객,60대이상,남,201809,973,1244,123341151
제주도,서귀포시,도심,소매,내국인관광객,50대,여,201809,1536,1986,118707370
제주도,서귀포시,도심,소매,내국인관광객,50대,남,201809,1448,1936,128886754
제주도,서귀포시,도심,소매,내국인관광객,40대,여,201809,1860,2504,100749054
제주도,서귀포시,도심,소매,내국인관광객,40대,남,201809,2203,3023,129866453
제주도,서귀포시,도심,소매,내국인관광객,30대,여,201809,2978,4068,124361237
제주도,서귀포시,도심,소매,내국인관광객,30대,남,201809,2963,4018,129673935
제주도,서귀포시,도심,소매,내국인관광객,20대미만,여,201809,171,221,3293470
제주도,서귀포시,도심,소매,내국인관광객,20대미만,남,201809,107,121,1807700
제주도,서귀포시,도심,소매,내국인관광객,20대,여,201809,2278,3152,64489616
제주도,서귀포시,도심,소매,내국인관광객,20대,남,201809,1438,1957,43651840
제주도,서귀포시,도심,문화/레져,내국인관광객,60대이상,여,201809,192,223,11303710
제주도,서귀포시,도심,문화/레져,내국인관광객,60대이상,남,201809,356,484,44860280
제주도,서귀포시,도심,문화/레져,내국인관광객,50대,여,201809,396,507,21858460
제주도,서귀포시,도심,문화/레져,내국인관광객,50대,남,201809,728,937,72618910
제주도,서귀포시,도심,문화/레져,내국인관광객,40대,여,201809,640,767,28048265
제주도,서귀포시,도심,문화/레져,내국인관광객,40대,남,201809,1052,1354,65671010
제주도,서귀포시,도심,문화/레져,내국인관광객,30대,여,201809,818,1018,28523700
제주도,서귀포시,도심,문화/레져,내국인관광객,30대,남,201809,940,1207,33834391
제주도,서귀포시,도심,문화/레져,내국인관광객,20대미만,여,201809,26,43,538500
제주도,서귀포시,도심,문화/레져,내국인관광객,20대미만,남,201809,20,21,293100
제주도,서귀포시,도심,문화/레져,내국인관광객,20대,여,201809,447,506,12933690
제주도,서귀포시,도심,문화/레져,내국인관광객,20대,남,201809,596,756,20297721
제주도,서귀포시,도심,교통,내국인관광객,60대이상,여,201809,285,333,16405971
제주도,서귀포시,도심,교통,내국인관광객,60대이상,남,201809,612,739,37415321
제주도,서귀포시,도심,교통,내국인관광객,50대,여,201809,624,732,34803885
제주도,서귀포시,도심,교통,내국인관광객,50대,남,201809,1077,1373,66274233
제주도,서귀포시,도심,교통,내국인관광객,40대,여,201809,816,950,37817000
제주도,서귀포시,도심,교통,내국인관광객,40대,남,201809,1656,1975,85651240
제주도,서귀포시,도심,교통,내국인관광객,30대,여,201809,1251,1397,51702219
제주도,서귀포시,도심,교통,내국인관광객,30대,남,201809,1920,2188,81630988
제주도,서귀포시,도심,교통,내국인관광객,20대미만,여,201809,8,11,518360
제주도,서귀포시,도심,교통,내국인관광객,20대,여,201809,700,750,23689917
제주도,서귀포시,도심,교통,내국인관광객,20대,남,201809,821,900,28960742
제주도,서귀포시,도심,유흥,내국인관광객,60대이상,여,201808,38,46,2653500
제주도,서귀포시,도심,유흥,내국인관광객,60대이상,남,201808,86,127,17264900
제주도,서귀포시,도심,유흥,내국인관광객,50대,여,201808,66,77,5874160
제주도,서귀포시,도심,유흥,내국인관광객,50대,남,201808,225,317,44643400
제주도,서귀포시,도심,유흥,내국인관광객,40대,여,201808,110,133,10788310
제주도,서귀포시,도심,유흥,내국인관광객,40대,남,201808,310,400,53425450
제주도,서귀포시,도심,유흥,내국인관광객,30대,여,201808,177,222,8704950
제주도,서귀포시,도심,유흥,내국인관광객,30대,남,201808,407,545,30471300
제주도,서귀포시,도심,유흥,내국인관광객,20대미만,남,201808,2,2,80000
제주도,서귀포시,도심,유흥,내국인관광객,20대,여,201808,270,375,11854050
제주도,서귀포시,도심,유흥,내국인관광객,20대,남,201808,421,587,21927300
제주도,서귀포시,도심,식음료,내국인관광객,60대이상,여,201808,2212,3095,130239500
제주도,서귀포시,도심,식음료,내국인관광객,60대이상,남,201808,3500,5397,242485340
제주도,서귀포시,도심,식음료,내국인관광객,50대,여,201808,4797,6404,247466821
제주도,서귀포시,도심,식음료,내국인관광객,50대,남,201808,7834,11663,494225777
제주도,서귀포시,도심,식음료,내국인관광객,40대,여,201808,9199,12935,470598004
제주도,서귀포시,도심,식음료,내국인관광객,40대,남,201808,13977,20498,784856800
제주도,서귀포시,도심,식음료,내국인관광객,30대,여,201808,12646,17568,540252570
제주도,서귀포시,도심,식음료,내국인관광객,30대,남,201808,14706,20929,694257270
제주도,서귀포시,도심,식음료,내국인관광객,20대미만,여,201808,142,212,3339130
제주도,서귀포시,도심,식음료,내국인관광객,20대미만,남,201808,152,177,3360250
제주도,서귀포시,도심,식음료,내국인관광객,20대,여,201808,11486,15789,416939615
제주도,서귀포시,도심,식음료,내국인관광객,20대,남,201808,9885,14000,380485190
제주도,서귀포시,도심,숙박,내국인관광객,60대이상,여,201808,254,369,88047793
제주도,서귀포시,도심,숙박,내국인관광객,60대이상,남,201808,429,662,205587433
제주도,서귀포시,도심,숙박,내국인관광객,50대,여,201808,555,723,117518971
제주도,서귀포시,도심,숙박,내국인관광객,50대,남,201808,1050,1464,294242358
제주도,서귀포시,도심,숙박,내국인관광객,40대,여,201808,1281,1847,299473005
제주도,서귀포시,도심,숙박,내국인관광객,40대,남,201808,2086,3100,578225076
제주도,서귀포시,도심,숙박,내국인관광객,30대,여,201808,1836,2565,380025744
제주도,서귀포시,도심,숙박,내국인관광객,30대,남,201808,1987,2793,430604038
제주도,서귀포시,도심,숙박,내국인관광객,20대미만,여,201808,6,8,236590
제주도,서귀포시,도심,숙박,내국인관광객,20대미만,남,201808,8,10,661110
제주도,서귀포시,도심,숙박,내국인관광객,20대,여,201808,1145,1374,151080739
제주도,서귀포시,도심,숙박,내국인관광객,20대,남,201808,912,1170,118463198
제주도,서귀포시,도심,쇼핑,내국인관광객,60대이상,여,201808,1830,4004,133968900
제주도,서귀포시,도심,쇼핑,내국인관광객,60대이상,남,201808,2413,5422,137524910
제주도,서귀포시,도심,쇼핑,내국인관광객,50대,여,201808,3667,7022,188412710
제주도,서귀포시,도심,쇼핑,내국인관광객,50대,남,201808,6176,13824,311549230
제주도,서귀포시,도심,쇼핑,내국인관광객,40대,여,201808,7127,12846,322307810
제주도,서귀포시,도심,쇼핑,내국인관광객,40대,남,201808,11839,24736,509373720
제주도,서귀포시,도심,쇼핑,내국인관광객,30대,여,201808,9285,15403,318510680
제주도,서귀포시,도심,쇼핑,내국인관광객,30대,남,201808,12499,23584,392544720
제주도,서귀포시,도심,쇼핑,내국인관광객,20대미만,여,201808,120,246,2140520
제주도,서귀포시,도심,쇼핑,내국인관광객,20대미만,남,201808,197,372,2914270
제주도,서귀포시,도심,쇼핑,내국인관광객,20대,여,201808,8447,14619,203635942
제주도,서귀포시,도심,쇼핑,내국인관광객,20대,남,201808,9492,19520,227995640
제주도,서귀포시,도심,소매,내국인관광객,60대이상,여,201808,731,969,65679883
제주도,서귀포시,도심,소매,내국인관광객,60대이상,남,201808,723,965,70863202
제주도,서귀포시,도심,소매,내국인관광객,50대,여,201808,1561,2091,95176182
제주도,서귀포시,도심,소매,내국인관광객,50대,남,201808,1762,2317,108283907
제주도,서귀포시,도심,소매,내국인관광객,40대,여,201808,2552,3279,108836470
제주도,서귀포시,도심,소매,내국인관광객,40대,남,201808,3051,4111,142602382
제주도,서귀포시,도심,소매,내국인관광객,30대,여,201808,3113,4123,105439207
제주도,서귀포시,도심,소매,내국인관광객,30대,남,201808,3202,4296,110621480
제주도,서귀포시,도심,소매,내국인관광객,20대미만,여,201808,48,57,893000
제주도,서귀포시,도심,소매,내국인관광객,20대미만,남,201808,58,64,1259800
제주도,서귀포시,도심,소매,내국인관광객,20대,여,201808,3124,4299,80498187
제주도,서귀포시,도심,소매,내국인관광객,20대,남,201808,2236,3023,54427700
제주도,서귀포시,도심,문화/레져,내국인관광객,60대이상,여,201808,214,290,10170500
제주도,서귀포시,도심,문화/레져,내국인관광객,60대이상,남,201808,384,532,33577100
제주도,서귀포시,도심,문화/레져,내국인관광객,50대,여,201808,456,541,26401925
제주도,서귀포시,도심,문화/레져,내국인관광객,50대,남,201808,909,1151,71012101
제주도,서귀포시,도심,문화/레져,내국인관광객,40대,여,201808,981,1173,44916475
제주도,서귀포시,도심,문화/레져,내국인관광객,40대,남,201808,1459,1879,76989960
제주도,서귀포시,도심,문화/레져,내국인관광객,30대,여,201808,1056,1286,35891780
제주도,서귀포시,도심,문화/레져,내국인관광객,30대,남,201808,1122,1409,44085664
제주도,서귀포시,도심,문화/레져,내국인관광객,20대미만,여,201808,22,37,677800
제주도,서귀포시,도심,문화/레져,내국인관광객,20대미만,남,201808,15,15,348000
제주도,서귀포시,도심,문화/레져,내국인관광객,20대,여,201808,685,776,19866550
제주도,서귀포시,도심,문화/레져,내국인관광객,20대,남,201808,830,1050,26452980
제주도,서귀포시,도심,교통,내국인관광객,60대이상,여,201808,345,406,21122717
제주도,서귀포시,도심,교통,내국인관광객,60대이상,남,201808,658,810,42651788
제주도,서귀포시,도심,교통,내국인관광객,50대,여,201808,674,784,38021590
제주도,서귀포시,도심,교통,내국인관광객,50대,남,201808,1508,1871,87443201
제주도,서귀포시,도심,교통,내국인관광객,40대,여,201808,1249,1421,61892055
제주도,서귀포시,도심,교통,내국인관광객,40대,남,201808,2540,2919,127843981
제주도,서귀포시,도심,교통,내국인관광객,30대,여,201808,1453,1599,60302255
제주도,서귀포시,도심,교통,내국인관광객,30대,남,201808,2297,2596,103241286
제주도,서귀포시,도심,교통,내국인관광객,20대미만,여,201808,5,7,273440
제주도,서귀포시,도심,교통,내국인관광객,20대미만,남,201808,5,5,191517
제주도,서귀포시,도심,교통,내국인관광객,20대,여,201808,1042,1103,36632826
제주도,서귀포시,도심,교통,내국인관광객,20대,남,201808,1209,1313,44705955
제주도,서귀포시,도심,유흥,내국인관광객,60대이상,여,201807,40,49,5036400
제주도,서귀포시,도심,유흥,내국인관광객,60대이상,남,201807,62,83,13563200
제주도,서귀포시,도심,유흥,내국인관광객,50대,여,201807,71,103,7527500
제주도,서귀포시,도심,유흥,내국인관광객,50대,남,201807,228,335,47213600
제주도,서귀포시,도심,유흥,내국인관광객,40대,여,201807,87,101,6735300
제주도,서귀포시,도심,유흥,내국인관광객,40대,남,201807,286,378,48018800
제주도,서귀포시,도심,유흥,내국인관광객,30대,여,201807,134,155,6999900
제주도,서귀포시,도심,유흥,내국인관광객,30대,남,201807,344,482,30863800
제주도,서귀포시,도심,유흥,내국인관광객,20대미만,여,201807,2,2,104500
제주도,서귀포시,도심,유흥,내국인관광객,20대미만,남,201807,4,4,351000
제주도,서귀포시,도심,유흥,내국인관광객,20대,여,201807,276,348,11713900
제주도,서귀포시,도심,유흥,내국인관광객,20대,남,201807,376,576,23242000
제주도,서귀포시,도심,식음료,내국인관광객,60대이상,여,201807,2055,2880,119406920
제주도,서귀포시,도심,식음료,내국인관광객,60대이상,남,201807,3369,4883,219242013
제주도,서귀포시,도심,식음료,내국인관광객,50대,여,201807,4339,5857,228535959
제주도,서귀포시,도심,식음료,내국인관광객,50대,남,201807,7072,10395,449365200
제주도,서귀포시,도심,식음료,내국인관광객,40대,여,201807,7324,10258,373983045
제주도,서귀포시,도심,식음료,내국인관광객,40대,남,201807,10671,15907,618860524
제주도,서귀포시,도심,식음료,내국인관광객,30대,여,201807,10913,15110,466134978
제주도,서귀포시,도심,식음료,내국인관광객,30대,남,201807,12353,17538,575374641
제주도,서귀포시,도심,식음료,내국인관광객,20대미만,여,201807,139,193,3649560
제주도,서귀포시,도심,식음료,내국인관광객,20대미만,남,201807,131,157,3021760
제주도,서귀포시,도심,식음료,내국인관광객,20대,여,201807,11164,15531,402813225
제주도,서귀포시,도심,식음료,내국인관광객,20대,남,201807,8988,12672,350150747
제주도,서귀포시,도심,숙박,내국인관광객,60대이상,여,201807,246,333,58942717
제주도,서귀포시,도심,숙박,내국인관광객,60대이상,남,201807,463,652,168453316
제주도,서귀포시,도심,숙박,내국인관광객,50대,여,201807,500,627,102045943
제주도,서귀포시,도심,숙박,내국인관광객,50대,남,201807,905,1177,226094320
제주도,서귀포시,도심,숙박,내국인관광객,40대,여,201807,1061,1452,241750040
제주도,서귀포시,도심,숙박,내국인관광객,40대,남,201807,1562,2195,381587824
제주도,서귀포시,도심,숙박,내국인관광객,30대,여,201807,1533,2042,322000535
제주도,서귀포시,도심,숙박,내국인관광객,30대,남,201807,1756,2386,355025741
제주도,서귀포시,도심,숙박,내국인관광객,20대미만,여,201807,7,9,331200
제주도,서귀포시,도심,숙박,내국인관광객,20대미만,남,201807,3,5,151500
제주도,서귀포시,도심,숙박,내국인관광객,20대,여,201807,1155,1344,140401486
제주도,서귀포시,도심,숙박,내국인관광객,20대,남,201807,854,1072,104118376
제주도,서귀포시,도심,쇼핑,내국인관광객,60대이상,여,201807,1737,3683,123627150
제주도,서귀포시,도심,쇼핑,내국인관광객,60대이상,남,201807,2404,5286,140289190
제주도,서귀포시,도심,쇼핑,내국인관광객,50대,여,201807,3316,6505,165897810
제주도,서귀포시,도심,쇼핑,내국인관광객,50대,남,201807,5603,12562,271942159
제주도,서귀포시,도심,쇼핑,내국인관광객,40대,여,201807,5761,10766,264690689
제주도,서귀포시,도심,쇼핑,내국인관광객,40대,남,201807,9548,20131,398202093
제주도,서귀포시,도심,쇼핑,내국인관광객,30대,여,201807,7813,13173,260713580
제주도,서귀포시,도심,쇼핑,내국인관광객,30대,남,201807,10467,20455,337451823
제주도,서귀포시,도심,쇼핑,내국인관광객,20대미만,여,201807,162,311,2018010
제주도,서귀포시,도심,쇼핑,내국인관광객,20대미만,남,201807,163,239,1935100
제주도,서귀포시,도심,쇼핑,내국인관광객,20대,여,201807,8043,14116,187402751
제주도,서귀포시,도심,쇼핑,내국인관광객,20대,남,201807,8623,18266,203584871
제주도,서귀포시,도심,소매,내국인관광객,60대이상,여,201807,757,1012,70497232
제주도,서귀포시,도심,소매,내국인관광객,60대이상,남,201807,811,1031,82304917
제주도,서귀포시,도심,소매,내국인관광객,50대,여,201807,1347,1776,91772918
제주도,서귀포시,도심,소매,내국인관광객,50대,남,201807,1711,2290,133260066
제주도,서귀포시,도심,소매,내국인관광객,40대,여,201807,2030,2701,97235629
제주도,서귀포시,도심,소매,내국인관광객,40대,남,201807,2487,3388,115104559
제주도,서귀포시,도심,소매,내국인관광객,30대,여,201807,2694,3601,98274660
제주도,서귀포시,도심,소매,내국인관광객,30대,남,201807,2701,3774,99973367
제주도,서귀포시,도심,소매,내국인관광객,20대미만,여,201807,48,60,1133900
제주도,서귀포시,도심,소매,내국인관광객,20대미만,남,201807,31,38,825300
제주도,서귀포시,도심,소매,내국인관광객,20대,여,201807,3020,4181,75530171
제주도,서귀포시,도심,소매,내국인관광객,20대,남,201807,2006,2633,50826675
제주도,서귀포시,도심,문화/레져,내국인관광객,60대이상,여,201807,168,245,9809270
제주도,서귀포시,도심,문화/레져,내국인관광객,60대이상,남,201807,304,421,29143630
제주도,서귀포시,도심,문화/레져,내국인관광객,50대,여,201807,422,499,20785700
제주도,서귀포시,도심,문화/레져,내국인관광객,50대,남,201807,738,923,54768510
제주도,서귀포시,도심,문화/레져,내국인관광객,40대,여,201807,765,946,36390936
제주도,서귀포시,도심,문화/레져,내국인관광객,40대,남,201807,1034,1346,58713160
제주도,서귀포시,도심,문화/레져,내국인관광객,30대,여,201807,844,1047,31261550
제주도,서귀포시,도심,문화/레져,내국인관광객,30대,남,201807,953,1218,33887430
제주도,서귀포시,도심,문화/레져,내국인관광객,20대미만,여,201807,17,26,419900
제주도,서귀포시,도심,문화/레져,내국인관광객,20대미만,남,201807,17,23,262400
제주도,서귀포시,도심,문화/레져,내국인관광객,20대,여,201807,643,719,17707719
제주도,서귀포시,도심,문화/레져,내국인관광객,20대,남,201807,739,912,23577550
제주도,서귀포시,도심,교통,내국인관광객,60대이상,여,201807,294,365,18324883
제주도,서귀포시,도심,교통,내국인관광객,60대이상,남,201807,678,813,41657816
제주도,서귀포시,도심,교통,내국인관광객,50대,여,201807,648,764,33985254
제주도,서귀포시,도심,교통,내국인관광객,50대,남,201807,1355,1672,78794688
제주도,서귀포시,도심,교통,내국인관광객,40대,여,201807,997,1164,47450744
제주도,서귀포시,도심,교통,내국인관광객,40대,남,201807,1962,2346,103440666
제주도,서귀포시,도심,교통,내국인관광객,30대,여,201807,1212,1371,51629098
제주도,서귀포시,도심,교통,내국인관광객,30대,남,201807,1907,2267,86378374
제주도,서귀포시,도심,교통,내국인관광객,20대미만,여,201807,2,3,176440
제주도,서귀포시,도심,교통,내국인관광객,20대미만,남,201807,2,2,50000
제주도,서귀포시,도심,교통,내국인관광객,20대,여,201807,960,1039,33165018
제주도,서귀포시,도심,교통,내국인관광객,20대,남,201807,1054,1149,37302392
제주도,서귀포시,도심,유흥,내국인관광객,60대이상,여,201806,36,42,5642800
제주도,서귀포시,도심,유흥,내국인관광객,60대이상,남,201806,79,112,11893700
제주도,서귀포시,도심,유흥,내국인관광객,50대,여,201806,69,77,5767800
제주도,서귀포시,도심,유흥,내국인관광객,50대,남,201806,215,295,42262900
제주도,서귀포시,도심,유흥,내국인관광객,40대,여,201806,73,92,9388500
제주도,서귀포시,도심,유흥,내국인관광객,40대,남,201806,268,368,56426600
제주도,서귀포시,도심,유흥,내국인관광객,30대,여,201806,129,155,7599400
제주도,서귀포시,도심,유흥,내국인관광객,30대,남,201806,300,400,27601300
제주도,서귀포시,도심,유흥,내국인관광객,20대미만,여,201806,1,1,33000
제주도,서귀포시,도심,유흥,내국인관광객,20대미만,남,201806,1,1,50000
제주도,서귀포시,도심,유흥,내국인관광객,20대,여,201806,182,250,10631200
제주도,서귀포시,도심,유흥,내국인관광객,20대,남,201806,243,341,16376400
제주도,서귀포시,도심,식음료,내국인관광객,60대이상,여,201806,2316,3067,128878760
제주도,서귀포시,도심,식음료,내국인관광객,60대이상,남,201806,3423,4826,228613880
제주도,서귀포시,도심,식음료,내국인관광객,50대,여,201806,4387,5835,244722710
제주도,서귀포시,도심,식음료,내국인관광객,50대,남,201806,6284,9179,397553665
제주도,서귀포시,도심,식음료,내국인관광객,40대,여,201806,6642,9271,330926217
제주도,서귀포시,도심,식음료,내국인관광객,40대,남,201806,10029,14572,572359880
제주도,서귀포시,도심,식음료,내국인관광객,30대,여,201806,11051,15384,485204698
제주도,서귀포시,도심,식음료,내국인관광객,30대,남,201806,12290,17593,578241243
제주도,서귀포시,도심,식음료,내국인관광객,20대미만,여,201806,142,196,2171500
제주도,서귀포시,도심,식음료,내국인관광객,20대미만,남,201806,133,155,2225710
제주도,서귀포시,도심,식음료,내국인관광객,20대,여,201806,9108,12627,328379725
제주도,서귀포시,도심,식음료,내국인관광객,20대,남,201806,6968,10051,265635894
제주도,서귀포시,도심,숙박,내국인관광객,60대이상,여,201806,260,321,54689971
제주도,서귀포시,도심,숙박,내국인관광객,60대이상,남,201806,451,578,93049767
제주도,서귀포시,도심,숙박,내국인관광객,50대,여,201806,542,679,104825502
제주도,서귀포시,도심,숙박,내국인관광객,50대,남,201806,874,1123,175982214
제주도,서귀포시,도심,숙박,내국인관광객,40대,여,201806,987,1229,191936850
제주도,서귀포시,도심,숙박,내국인관광객,40대,남,201806,1517,2058,281970466
제주도,서귀포시,도심,숙박,내국인관광객,30대,여,201806,1584,1977,286163766
제주도,서귀포시,도심,숙박,내국인관광객,30대,남,201806,1703,2205,332371088
제주도,서귀포시,도심,숙박,내국인관광객,20대미만,여,201806,2,4,310002
제주도,서귀포시,도심,숙박,내국인관광객,20대미만,남,201806,3,7,2096244
제주도,서귀포시,도심,숙박,내국인관광객,20대,여,201806,898,1057,124411077
제주도,서귀포시,도심,숙박,내국인관광객,20대,남,201806,620,758,73504135
제주도,서귀포시,도심,쇼핑,내국인관광객,60대이상,여,201806,1818,3692,116890410
제주도,서귀포시,도심,쇼핑,내국인관광객,60대이상,남,201806,2515,5297,135935220
제주도,서귀포시,도심,쇼핑,내국인관광객,50대,여,201806,3411,6223,177427564
제주도,서귀포시,도심,쇼핑,내국인관광객,50대,남,201806,5186,11363,249533050
제주도,서귀포시,도심,쇼핑,내국인관광객,40대,여,201806,5252,9740,225085700
제주도,서귀포시,도심,쇼핑,내국인관광객,40대,남,201806,9044,18404,360878990
제주도,서귀포시,도심,쇼핑,내국인관광객,30대,여,201806,8109,13448,282122390
제주도,서귀포시,도심,쇼핑,내국인관광객,30대,남,201806,10689,20134,340298633
제주도,서귀포시,도심,쇼핑,내국인관광객,20대미만,여,201806,163,286,1770540
제주도,서귀포시,도심,쇼핑,내국인관광객,20대미만,남,201806,262,393,2396250
제주도,서귀포시,도심,쇼핑,내국인관광객,20대,여,201806,6667,11577,159414510
제주도,서귀포시,도심,쇼핑,내국인관광객,20대,남,201806,6682,14066,164683000
제주도,서귀포시,도심,소매,내국인관광객,60대이상,여,201806,985,1293,131165239
제주도,서귀포시,도심,소매,내국인관광객,60대이상,남,201806,912,1161,124192047
제주도,서귀포시,도심,소매,내국인관광객,50대,여,201806,1597,2033,128162625
제주도,서귀포시,도심,소매,내국인관광객,50대,남,201806,1556,2084,110938572
제주도,서귀포시,도심,소매,내국인관광객,40대,여,201806,2005,2664,97885392
제주도,서귀포시,도심,소매,내국인관광객,40대,남,201806,2282,3005,113095900
제주도,서귀포시,도심,소매,내국인관광객,30대,여,201806,2944,4097,115163246
제주도,서귀포시,도심,소매,내국인관광객,30대,남,201806,2757,3826,117101878
제주도,서귀포시,도심,소매,내국인관광객,20대미만,여,201806,74,88,1379550
제주도,서귀포시,도심,소매,내국인관광객,20대미만,남,201806,41,46,669600
제주도,서귀포시,도심,소매,내국인관광객,20대,여,201806,2438,3342,66818850
제주도,서귀포시,도심,소매,내국인관광객,20대,남,201806,1466,1999,45729730
제주도,서귀포시,도심,문화/레져,내국인관광객,60대이상,여,201806,230,310,16212865
제주도,서귀포시,도심,문화/레져,내국인관광객,60대이상,남,201806,443,626,48236660
제주도,서귀포시,도심,문화/레져,내국인관광객,50대,여,201806,435,530,28416190
제주도,서귀포시,도심,문화/레져,내국인관광객,50대,남,201806,769,946,73186565
제주도,서귀포시,도심,문화/레져,내국인관광객,40대,여,201806,649,838,35613760
제주도,서귀포시,도심,문화/레져,내국인관광객,40대,남,201806,1029,1278,65772800
제주도,서귀포시,도심,문화/레져,내국인관광객,30대,여,201806,833,1032,28433700
제주도,서귀포시,도심,문화/레져,내국인관광객,30대,남,201806,854,1087,34003000
제주도,서귀포시,도심,문화/레져,내국인관광객,20대미만,여,201806,22,32,323300
제주도,서귀포시,도심,문화/레져,내국인관광객,20대미만,남,201806,12,13,124000
제주도,서귀포시,도심,문화/레져,내국인관광객,20대,여,201806,539,621,14416340
제주도,서귀포시,도심,문화/레져,내국인관광객,20대,남,201806,541,651,16373900
제주도,서귀포시,도심,교통,내국인관광객,60대이상,여,201806,343,407,19410769
제주도,서귀포시,도심,교통,내국인관광객,60대이상,남,201806,709,856,41180388
제주도,서귀포시,도심,교통,내국인관광객,50대,여,201806,670,782,36607312
제주도,서귀포시,도심,교통,내국인관광객,50대,남,201806,1196,1445,70280912
제주도,서귀포시,도심,교통,내국인관광객,40대,여,201806,988,1125,49272283
제주도,서귀포시,도심,교통,내국인관광객,40대,남,201806,1862,2205,88494345
제주도,서귀포시,도심,교통,내국인관광객,30대,여,201806,1335,1475,52682962
제주도,서귀포시,도심,교통,내국인관광객,30대,남,201806,1950,2256,82063130
제주도,서귀포시,도심,교통,내국인관광객,20대미만,여,201806,4,4,165000
제주도,서귀포시,도심,교통,내국인관광객,20대,여,201806,745,801,26276878
제주도,서귀포시,도심,교통,내국인관광객,20대,남,201806,852,939,30390369
제주도,서귀포시,도심,유흥,내국인관광객,60대이상,여,201805,47,66,4869600
제주도,서귀포시,도심,유흥,내국인관광객,60대이상,남,201805,80,94,12741500
제주도,서귀포시,도심,유흥,내국인관광객,50대,여,201805,73,87,8304200
제주도,서귀포시,도심,유흥,내국인관광객,50대,남,201805,243,333,49096800
제주도,서귀포시,도심,유흥,내국인관광객,40대,여,201805,76,96,8604900
제주도,서귀포시,도심,유흥,내국인관광객,40대,남,201805,283,399,54058600
제주도,서귀포시,도심,유흥,내국인관광객,30대,여,201805,142,182,10104200
제주도,서귀포시,도심,유흥,내국인관광객,30대,남,201805,300,381,28849640
제주도,서귀포시,도심,유흥,내국인관광객,20대미만,남,201805,2,2,67500
제주도,서귀포시,도심,유흥,내국인관광객,20대,여,201805,173,219,7845500
제주도,서귀포시,도심,유흥,내국인관광객,20대,남,201805,218,312,14888000
제주도,서귀포시,도심,식음료,내국인관광객,60대이상,여,201805,2511,3361,151487720
제주도,서귀포시,도심,식음료,내국인관광객,60대이상,남,201805,4013,5720,271289720
제주도,서귀포시,도심,식음료,내국인관광객,50대,여,201805,4787,6256,265156855
제주도,서귀포시,도심,식음료,내국인관광객,50대,남,201805,7011,10290,457010115
제주도,서귀포시,도심,식음료,내국인관광객,40대,여,201805,6968,9567,361911818
제주도,서귀포시,도심,식음료,내국인관광객,40대,남,201805,10308,15157,597135125
제주도,서귀포시,도심,식음료,내국인관광객,30대,여,201805,9904,13610,437479235
제주도,서귀포시,도심,식음료,내국인관광객,30대,남,201805,11565,16335,537208635
제주도,서귀포시,도심,식음료,내국인관광객,20대미만,여,201805,501,597,5493680
제주도,서귀포시,도심,식음료,내국인관광객,20대미만,남,201805,554,618,6471710
제주도,서귀포시,도심,식음료,내국인관광객,20대,여,201805,6907,9488,249498129
제주도,서귀포시,도심,식음료,내국인관광객,20대,남,201805,5351,7639,199197925
제주도,서귀포시,도심,숙박,내국인관광객,60대이상,여,201805,255,358,58720188
제주도,서귀포시,도심,숙박,내국인관광객,60대이상,남,201805,528,712,136428991
제주도,서귀포시,도심,숙박,내국인관광객,50대,여,201805,551,676,107086160
제주도,서귀포시,도심,숙박,내국인관광객,50대,남,201805,976,1218,173857101
제주도,서귀포시,도심,숙박,내국인관광객,40대,여,201805,1002,1323,194702949
제주도,서귀포시,도심,숙박,내국인관광객,40대,남,201805,1514,2015,361744964
제주도,서귀포시,도심,숙박,내국인관광객,30대,여,201805,1428,1773,283686830
제주도,서귀포시,도심,숙박,내국인관광객,30대,남,201805,1642,2078,291769919
제주도,서귀포시,도심,숙박,내국인관광객,20대미만,여,201805,18,23,557000
제주도,서귀포시,도심,숙박,내국인관광객,20대미만,남,201805,64,111,499200
제주도,서귀포시,도심,숙박,내국인관광객,20대,여,201805,747,909,105736002
제주도,서귀포시,도심,숙박,내국인관광객,20대,남,201805,520,661,70822135
제주도,서귀포시,도심,쇼핑,내국인관광객,60대이상,여,201805,1959,3954,142093330
제주도,서귀포시,도심,쇼핑,내국인관광객,60대이상,남,201805,2812,5858,167437720
제주도,서귀포시,도심,쇼핑,내국인관광객,50대,여,201805,3715,6631,214249830
제주도,서귀포시,도심,쇼핑,내국인관광객,50대,남,201805,5768,12295,305131701
제주도,서귀포시,도심,쇼핑,내국인관광객,40대,여,201805,5605,10096,267254250
제주도,서귀포시,도심,쇼핑,내국인관광객,40대,남,201805,9188,18522,402555394
제주도,서귀포시,도심,쇼핑,내국인관광객,30대,여,201805,7252,12036,280459290
제주도,서귀포시,도심,쇼핑,내국인관광객,30대,남,201805,9995,19257,350296514
제주도,서귀포시,도심,쇼핑,내국인관광객,20대미만,여,201805,747,1057,5479770
제주도,서귀포시,도심,쇼핑,내국인관광객,20대미만,남,201805,1052,1498,7354190
제주도,서귀포시,도심,쇼핑,내국인관광객,20대,여,201805,5182,9006,141425290
제주도,서귀포시,도심,쇼핑,내국인관광객,20대,남,201805,5441,11804,145164440
제주도,서귀포시,도심,소매,내국인관광객,60대이상,여,201805,1055,1367,158501102
제주도,서귀포시,도심,소매,내국인관광객,60대이상,남,201805,1137,1432,158331527
제주도,서귀포시,도심,소매,내국인관광객,50대,여,201805,1692,2186,145901238
제주도,서귀포시,도심,소매,내국인관광객,50대,남,201805,1768,2370,158536574
제주도,서귀포시,도심,소매,내국인관광객,40대,여,201805,2089,2738,115192585
제주도,서귀포시,도심,소매,내국인관광객,40대,남,201805,2447,3234,127711826
제주도,서귀포시,도심,소매,내국인관광객,30대,여,201805,2605,3632,114031002
제주도,서귀포시,도심,소매,내국인관광객,30대,남,201805,2604,3644,119908499
제주도,서귀포시,도심,소매,내국인관광객,20대미만,여,201805,310,373,4512600
제주도,서귀포시,도심,소매,내국인관광객,20대미만,남,201805,227,252,2863500
제주도,서귀포시,도심,소매,내국인관광객,20대,여,201805,1943,2682,60052014
제주도,서귀포시,도심,소매,내국인관광객,20대,남,201805,1194,1681,37584799
제주도,서귀포시,도심,문화/레져,내국인관광객,60대이상,여,201805,235,324,13552790
제주도,서귀포시,도심,문화/레져,내국인관광객,60대이상,남,201805,547,811,64582970
제주도,서귀포시,도심,문화/레져,내국인관광객,50대,여,201805,567,709,35733590
제주도,서귀포시,도심,문화/레져,내국인관광객,50대,남,201805,916,1219,97870000
제주도,서귀포시,도심,문화/레져,내국인관광객,40대,여,201805,794,957,43789340
제주도,서귀포시,도심,문화/레져,내국인관광객,40대,남,201805,1275,1637,78553075
제주도,서귀포시,도심,문화/레져,내국인관광객,30대,여,201805,857,1049,27049295
제주도,서귀포시,도심,문화/레져,내국인관광객,30대,남,201805,915,1176,32640700
제주도,서귀포시,도심,문화/레져,내국인관광객,20대미만,여,201805,50,60,581500
제주도,서귀포시,도심,문화/레져,내국인관광객,20대미만,남,201805,23,24,452300
제주도,서귀포시,도심,문화/레져,내국인관광객,20대,여,201805,453,507,10832896
제주도,서귀포시,도심,문화/레져,내국인관광객,20대,남,201805,539,645,15124100
제주도,서귀포시,도심,교통,내국인관광객,60대이상,여,201805,347,414,20602355
제주도,서귀포시,도심,교통,내국인관광객,60대이상,남,201805,761,923,48725541
제주도,서귀포시,도심,교통,내국인관광객,50대,여,201805,684,806,39303600
제주도,서귀포시,도심,교통,내국인관광객,50대,남,201805,1319,1599,72812882
제주도,서귀포시,도심,교통,내국인관광객,40대,여,201805,911,1050,42496200
제주도,서귀포시,도심,교통,내국인관광객,40대,남,201805,1930,2259,92113859
제주도,서귀포시,도심,교통,내국인관광객,30대,여,201805,1152,1263,45092105
제주도,서귀포시,도심,교통,내국인관광객,30대,남,201805,1784,2062,77363494
제주도,서귀포시,도심,교통,내국인관광객,20대미만,여,201805,2,3,125000
제주도,서귀포시,도심,교통,내국인관광객,20대미만,남,201805,3,3,120000
제주도,서귀포시,도심,교통,내국인관광객,20대,여,201805,597,660,22050349
제주도,서귀포시,도심,교통,내국인관광객,20대,남,201805,637,702,24133996
제주도,서귀포시,도심,유흥,내국인관광객,60대이상,여,201804,37,43,3880200
제주도,서귀포시,도심,유흥,내국인관광객,60대이상,남,201804,121,148,21002300
제주도,서귀포시,도심,유흥,내국인관광객,50대,여,201804,68,83,6927900
제주도,서귀포시,도심,유흥,내국인관광객,50대,남,201804,315,452,66220700
제주도,서귀포시,도심,유흥,내국인관광객,40대,여,201804,69,77,6205100
제주도,서귀포시,도심,유흥,내국인관광객,40대,남,201804,363,517,68893850
제주도,서귀포시,도심,유흥,내국인관광객,30대,여,201804,157,196,9851500
제주도,서귀포시,도심,유흥,내국인관광객,30대,남,201804,305,413,30382725
제주도,서귀포시,도심,유흥,내국인관광객,20대미만,여,201804,1,1,25000
제주도,서귀포시,도심,유흥,내국인관광객,20대미만,남,201804,1,1,69000
제주도,서귀포시,도심,유흥,내국인관광객,20대,여,201804,156,207,7205640
제주도,서귀포시,도심,유흥,내국인관광객,20대,남,201804,222,320,15926900
제주도,서귀포시,도심,식음료,내국인관광객,60대이상,여,201804,2529,3417,160721538
제주도,서귀포시,도심,식음료,내국인관광객,60대이상,남,201804,4206,5950,306553455
제주도,서귀포시,도심,식음료,내국인관광객,50대,여,201804,5220,6758,315848200
제주도,서귀포시,도심,식음료,내국인관광객,50대,남,201804,6926,10006,464200167
제주도,서귀포시,도심,식음료,내국인관광객,40대,여,201804,6156,8227,320931611
제주도,서귀포시,도심,식음료,내국인관광객,40대,남,201804,9268,13674,570314641
제주도,서귀포시,도심,식음료,내국인관광객,30대,여,201804,10491,14370,478469554
제주도,서귀포시,도심,식음료,내국인관광객,30대,남,201804,12032,16792,585691881
제주도,서귀포시,도심,식음료,내국인관광객,20대미만,여,201804,314,374,3731500
제주도,서귀포시,도심,식음료,내국인관광객,20대미만,남,201804,238,278,2669070
제주도,서귀포시,도심,식음료,내국인관광객,20대,여,201804,7206,10039,275121620
제주도,서귀포시,도심,식음료,내국인관광객,20대,남,201804,5680,8119,225340624
제주도,서귀포시,도심,숙박,내국인관광객,60대이상,여,201804,302,370,71140418
제주도,서귀포시,도심,숙박,내국인관광객,60대이상,남,201804,580,768,110158836
제주도,서귀포시,도심,숙박,내국인관광객,50대,여,201804,644,795,102368901
제주도,서귀포시,도심,숙박,내국인관광객,50대,남,201804,858,1052,147071712
제주도,서귀포시,도심,숙박,내국인관광객,40대,여,201804,808,1054,153893084
제주도,서귀포시,도심,숙박,내국인관광객,40대,남,201804,1306,1669,256322239
제주도,서귀포시,도심,숙박,내국인관광객,30대,여,201804,1432,1795,262369131
제주도,서귀포시,도심,숙박,내국인관광객,30대,남,201804,1696,2096,288443100
제주도,서귀포시,도심,숙박,내국인관광객,20대미만,여,201804,6,7,146200
제주도,서귀포시,도심,숙박,내국인관광객,20대미만,남,201804,8,9,233100
제주도,서귀포시,도심,숙박,내국인관광객,20대,여,201804,814,959,95947372
제주도,서귀포시,도심,숙박,내국인관광객,20대,남,201804,582,701,68120228
제주도,서귀포시,도심,쇼핑,내국인관광객,60대이상,여,201804,2113,3992,142417410
제주도,서귀포시,도심,쇼핑,내국인관광객,60대이상,남,201804,2955,5861,175192950
제주도,서귀포시,도심,쇼핑,내국인관광객,50대,여,201804,3835,6582,213535420
제주도,서귀포시,도심,쇼핑,내국인관광객,50대,남,201804,5530,11361,276677400
제주도,서귀포시,도심,쇼핑,내국인관광객,40대,여,201804,4520,7984,215908260
제주도,서귀포시,도심,쇼핑,내국인관광객,40대,남,201804,8330,16993,339103120
제주도,서귀포시,도심,쇼핑,내국인관광객,30대,여,201804,7355,11797,248276620
제주도,서귀포시,도심,쇼핑,내국인관광객,30대,남,201804,9845,18437,315965450
제주도,서귀포시,도심,쇼핑,내국인관광객,20대미만,여,201804,351,508,2603820
제주도,서귀포시,도심,쇼핑,내국인관광객,20대미만,남,201804,414,653,2938190
제주도,서귀포시,도심,쇼핑,내국인관광객,20대,여,201804,5133,9068,138342200
제주도,서귀포시,도심,쇼핑,내국인관광객,20대,남,201804,5622,12391,141905270
제주도,서귀포시,도심,소매,내국인관광객,60대이상,여,201804,1455,1801,247293568
제주도,서귀포시,도심,소매,내국인관광객,60대이상,남,201804,1454,1780,244171514
제주도,서귀포시,도심,소매,내국인관광객,50대,여,201804,2122,2725,198431112
제주도,서귀포시,도심,소매,내국인관광객,50대,남,201804,1957,2522,172134841
제주도,서귀포시,도심,소매,내국인관광객,40대,여,201804,1958,2609,113303760
제주도,서귀포시,도심,소매,내국인관광객,40대,남,201804,2312,3082,139012663
제주도,서귀포시,도심,소매,내국인관광객,30대,여,201804,2956,4173,131630249
제주도,서귀포시,도심,소매,내국인관광객,30대,남,201804,2912,4034,132856839
제주도,서귀포시,도심,소매,내국인관광객,20대미만,여,201804,207,259,3070500
제주도,서귀포시,도심,소매,내국인관광객,20대미만,남,201804,121,137,3554400
제주도,서귀포시,도심,소매,내국인관광객,20대,여,201804,2144,3089,67967260
제주도,서귀포시,도심,소매,내국인관광객,20대,남,201804,1253,1758,43418220
제주도,서귀포시,도심,문화/레져,내국인관광객,60대이상,여,201804,259,316,14359130
제주도,서귀포시,도심,문화/레져,내국인관광객,60대이상,남,201804,590,797,54995380
제주도,서귀포시,도심,문화/레져,내국인관광객,50대,여,201804,567,677,38806210
제주도,서귀포시,도심,문화/레져,내국인관광객,50대,남,201804,938,1162,68121460
제주도,서귀포시,도심,문화/레져,내국인관광객,40대,여,201804,713,854,32391920
제주도,서귀포시,도심,문화/레져,내국인관광객,40대,남,201804,1071,1346,65490960
제주도,서귀포시,도심,문화/레져,내국인관광객,30대,여,201804,798,1010,26433400
제주도,서귀포시,도심,문화/레져,내국인관광객,30대,남,201804,904,1155,32102930
제주도,서귀포시,도심,문화/레져,내국인관광객,20대미만,여,201804,22,22,249200
제주도,서귀포시,도심,문화/레져,내국인관광객,20대미만,남,201804,26,30,465500
제주도,서귀포시,도심,문화/레져,내국인관광객,20대,여,201804,477,595,14042240
제주도,서귀포시,도심,문화/레져,내국인관광객,20대,남,201804,501,626,14526420
제주도,서귀포시,도심,교통,내국인관광객,60대이상,여,201804,389,465,23937363
제주도,서귀포시,도심,교통,내국인관광객,60대이상,남,201804,859,1013,49462211
제주도,서귀포시,도심,교통,내국인관광객,50대,여,201804,753,853,39691607
제주도,서귀포시,도심,교통,내국인관광객,50대,남,201804,1278,1538,73966187
제주도,서귀포시,도심,교통,내국인관광객,40대,여,201804,827,931,37726111
제주도,서귀포시,도심,교통,내국인관광객,40대,남,201804,1730,2051,83926618
제주도,서귀포시,도심,교통,내국인관광객,30대,여,201804,1157,1253,44616602
제주도,서귀포시,도심,교통,내국인관광객,30대,남,201804,1861,2082,82047564
제주도,서귀포시,도심,교통,내국인관광객,20대미만,여,201804,2,2,50000
제주도,서귀포시,도심,교통,내국인관광객,20대미만,남,201804,7,9,276800
제주도,서귀포시,도심,교통,내국인관광객,20대,여,201804,640,685,22902757
제주도,서귀포시,도심,교통,내국인관광객,20대,남,201804,679,751,23895294
제주도,서귀포시,도심,유흥,내국인관광객,60대이상,여,201803,36,48,4333900
제주도,서귀포시,도심,유흥,내국인관광객,60대이상,남,201803,117,158,30032600
제주도,서귀포시,도심,유흥,내국인관광객,50대,여,201803,59,75,5443100
제주도,서귀포시,도심,유흥,내국인관광객,50대,남,201803,282,373,63301400
제주도,서귀포시,도심,유흥,내국인관광객,40대,여,201803,85,112,9060600
제주도,서귀포시,도심,유흥,내국인관광객,40대,남,201803,296,392,57826700
제주도,서귀포시,도심,유흥,내국인관광객,30대,여,201803,131,157,8625050
제주도,서귀포시,도심,유흥,내국인관광객,30대,남,201803,277,391,27253300
제주도,서귀포시,도심,유흥,내국인관광객,20대미만,여,201803,1,1,20000
제주도,서귀포시,도심,유흥,내국인관광객,20대미만,남,201803,2,2,165000
제주도,서귀포시,도심,유흥,내국인관광객,20대,여,201803,167,246,8748760
제주도,서귀포시,도심,유흥,내국인관광객,20대,남,201803,231,335,16214500
제주도,서귀포시,도심,식음료,내국인관광객,60대이상,여,201803,2139,2936,128690775
제주도,서귀포시,도심,식음료,내국인관광객,60대이상,남,201803,3425,4997,226204148
제주도,서귀포시,도심,식음료,내국인관광객,50대,여,201803,4289,5550,246086820
제주도,서귀포시,도심,식음료,내국인관광객,50대,남,201803,6106,8960,397110275
제주도,서귀포시,도심,식음료,내국인관광객,40대,여,201803,4902,6696,243066330
제주도,서귀포시,도심,식음료,내국인관광객,40대,남,201803,7640,11389,436000010
제주도,서귀포시,도심,식음료,내국인관광객,30대,여,201803,9234,12301,390620815
제주도,서귀포시,도심,식음료,내국인관광객,30대,남,201803,10497,14418,478207483
제주도,서귀포시,도심,식음료,내국인관광객,20대미만,여,201803,172,225,2290650
제주도,서귀포시,도심,식음료,내국인관광객,20대미만,남,201803,144,172,1644520
제주도,서귀포시,도심,식음료,내국인관광객,20대,여,201803,7463,10014,266635240
제주도,서귀포시,도심,식음료,내국인관광객,20대,남,201803,5704,7970,212694140
제주도,서귀포시,도심,숙박,내국인관광객,60대이상,여,201803,244,309,55226720
제주도,서귀포시,도심,숙박,내국인관광객,60대이상,남,201803,456,595,88440255
제주도,서귀포시,도심,숙박,내국인관광객,50대,여,201803,512,647,74433240
제주도,서귀포시,도심,숙박,내국인관광객,50대,남,201803,864,1077,122860304
제주도,서귀포시,도심,숙박,내국인관광객,40대,여,201803,705,905,129660754
제주도,서귀포시,도심,숙박,내국인관광객,40대,남,201803,1109,1481,211383735
제주도,서귀포시,도심,숙박,내국인관광객,30대,여,201803,1305,1569,200584609
제주도,서귀포시,도심,숙박,내국인관광객,30대,남,201803,1502,1882,242072717
제주도,서귀포시,도심,숙박,내국인관광객,20대미만,여,201803,3,3,194028
제주도,서귀포시,도심,숙박,내국인관광객,20대미만,남,201803,2,2,8900
제주도,서귀포시,도심,숙박,내국인관광객,20대,여,201803,866,995,85602885
제주도,서귀포시,도심,숙박,내국인관광객,20대,남,201803,551,644,57508637
제주도,서귀포시,도심,쇼핑,내국인관광객,60대이상,여,201803,1697,3376,111535200
제주도,서귀포시,도심,쇼핑,내국인관광객,60대이상,남,201803,2517,5391,150589110
제주도,서귀포시,도심,쇼핑,내국인관광객,50대,여,201803,3145,5565,161914800
제주도,서귀포시,도심,쇼핑,내국인관광객,50대,남,201803,4990,10339,247655910
제주도,서귀포시,도심,쇼핑,내국인관광객,40대,여,201803,3878,7053,184528680
제주도,서귀포시,도심,쇼핑,내국인관광객,40대,남,201803,6995,15116,299174660
제주도,서귀포시,도심,쇼핑,내국인관광객,30대,여,201803,6466,10634,213571810
제주도,서귀포시,도심,쇼핑,내국인관광객,30대,남,201803,8661,16483,292463370
제주도,서귀포시,도심,쇼핑,내국인관광객,20대미만,여,201803,173,334,2214230
제주도,서귀포시,도심,쇼핑,내국인관광객,20대미만,남,201803,216,333,1969490
제주도,서귀포시,도심,쇼핑,내국인관광객,20대,여,201803,5432,9247,142806920
제주도,서귀포시,도심,쇼핑,내국인관광객,20대,남,201803,5595,12203,142009220
제주도,서귀포시,도심,소매,내국인관광객,60대이상,여,201803,1012,1257,170115744
제주도,서귀포시,도심,소매,내국인관광객,60대이상,남,201803,1101,1380,169907613
제주도,서귀포시,도심,소매,내국인관광객,50대,여,201803,1679,2124,167738792
제주도,서귀포시,도심,소매,내국인관광객,50대,남,201803,1576,2063,139741770
제주도,서귀포시,도심,소매,내국인관광객,40대,여,201803,1447,1949,93089951
제주도,서귀포시,도심,소매,내국인관광객,40대,남,201803,1726,2322,111537367
제주도,서귀포시,도심,소매,내국인관광객,30대,여,201803,2568,3516,124483140
제주도,서귀포시,도심,소매,내국인관광객,30대,남,201803,2521,3566,124283639
제주도,서귀포시,도심,소매,내국인관광객,20대미만,여,201803,86,99,1816300
제주도,서귀포시,도심,소매,내국인관광객,20대미만,남,201803,63,72,977600
제주도,서귀포시,도심,소매,내국인관광객,20대,여,201803,2282,3279,78839380
제주도,서귀포시,도심,소매,내국인관광객,20대,남,201803,1294,1900,43870095
제주도,서귀포시,도심,문화/레져,내국인관광객,60대이상,여,201803,235,303,12165750
제주도,서귀포시,도심,문화/레져,내국인관광객,60대이상,남,201803,464,653,62223040
제주도,서귀포시,도심,문화/레져,내국인관광객,50대,여,201803,463,573,23006670
제주도,서귀포시,도심,문화/레져,내국인관광객,50대,남,201803,835,1072,65144202
제주도,서귀포시,도심,문화/레져,내국인관광객,40대,여,201803,536,634,21759003
제주도,서귀포시,도심,문화/레져,내국인관광객,40대,남,201803,880,1101,56176090
제주도,서귀포시,도심,문화/레져,내국인관광객,30대,여,201803,626,758,19733801
제주도,서귀포시,도심,문화/레져,내국인관광객,30대,남,201803,775,932,25228110
제주도,서귀포시,도심,문화/레져,내국인관광객,20대미만,여,201803,7,8,158000
제주도,서귀포시,도심,문화/레져,내국인관광객,20대미만,남,201803,8,12,257900
제주도,서귀포시,도심,문화/레져,내국인관광객,20대,여,201803,467,517,11872800
제주도,서귀포시,도심,문화/레져,내국인관광객,20대,남,201803,500,581,13161200
제주도,서귀포시,도심,교통,내국인관광객,60대이상,여,201803,328,390,19467344
제주도,서귀포시,도심,교통,내국인관광객,60대이상,남,201803,703,860,45027973
제주도,서귀포시,도심,교통,내국인관광객,50대,여,201803,680,776,35982517
제주도,서귀포시,도심,교통,내국인관광객,50대,남,201803,1210,1450,66709522
제주도,서귀포시,도심,교통,내국인관광객,40대,여,201803,714,818,32046625
제주도,서귀포시,도심,교통,내국인관광객,40대,남,201803,1466,1839,79769195
제주도,서귀포시,도심,교통,내국인관광객,30대,여,201803,1178,1310,43987369
제주도,서귀포시,도심,교통,내국인관광객,30대,남,201803,1747,1983,72709472
제주도,서귀포시,도심,교통,내국인관광객,20대미만,여,201803,3,5,250000
제주도,서귀포시,도심,교통,내국인관광객,20대미만,남,201803,1,1,5000
제주도,서귀포시,도심,교통,내국인관광객,20대,여,201803,743,785,24747207
제주도,서귀포시,도심,교통,내국인관광객,20대,남,201803,752,806,26269055
제주도,서귀포시,도심,유흥,내국인관광객,60대이상,여,201802,29,35,3233900
제주도,서귀포시,도심,유흥,내국인관광객,60대이상,남,201802,90,146,24118900
제주도,서귀포시,도심,유흥,내국인관광객,50대,여,201802,50,63,8551820
제주도,서귀포시,도심,유흥,내국인관광객,50대,남,201802,244,370,76661700
제주도,서귀포시,도심,유흥,내국인관광객,40대,여,201802,68,79,8963900
제주도,서귀포시,도심,유흥,내국인관광객,40대,남,201802,266,350,60728100
제주도,서귀포시,도심,유흥,내국인관광객,30대,여,201802,97,124,5962300
제주도,서귀포시,도심,유흥,내국인관광객,30대,남,201802,218,289,26262900
제주도,서귀포시,도심,유흥,내국인관광객,20대미만,여,201802,1,1,29000
제주도,서귀포시,도심,유흥,내국인관광객,20대미만,남,201802,1,1,3000
제주도,서귀포시,도심,유흥,내국인관광객,20대,여,201802,185,241,7671600
제주도,서귀포시,도심,유흥,내국인관광객,20대,남,201802,284,385,21181100
제주도,서귀포시,도심,식음료,내국인관광객,60대이상,여,201802,1425,1903,82218558
제주도,서귀포시,도심,식음료,내국인관광객,60대이상,남,201802,2445,3482,156801275
제주도,서귀포시,도심,식음료,내국인관광객,50대,여,201802,3313,4378,177665330
제주도,서귀포시,도심,식음료,내국인관광객,50대,남,201802,5774,8274,377674784
제주도,서귀포시,도심,식음료,내국인관광객,40대,여,201802,5288,7167,267112765
제주도,서귀포시,도심,식음료,내국인관광객,40대,남,201802,7679,11344,456166012
제주도,서귀포시,도심,식음료,내국인관광객,30대,여,201802,6136,8218,256646090
제주도,서귀포시,도심,식음료,내국인관광객,30대,남,201802,7115,9809,316100155
제주도,서귀포시,도심,식음료,내국인관광객,20대미만,여,201802,91,139,2253900
제주도,서귀포시,도심,식음료,내국인관광객,20대미만,남,201802,104,139,3551300
제주도,서귀포시,도심,식음료,내국인관광객,20대,여,201802,7300,9526,240820438
제주도,서귀포시,도심,식음료,내국인관광객,20대,남,201802,6630,8809,240782989
제주도,서귀포시,도심,숙박,내국인관광객,60대이상,여,201802,151,194,31530674
제주도,서귀포시,도심,숙박,내국인관광객,60대이상,남,201802,351,478,78657570
제주도,서귀포시,도심,숙박,내국인관광객,50대,여,201802,436,559,66870962
제주도,서귀포시,도심,숙박,내국인관광객,50대,남,201802,775,1014,150771493
제주도,서귀포시,도심,숙박,내국인관광객,40대,여,201802,814,1051,137557639
제주도,서귀포시,도심,숙박,내국인관광객,40대,남,201802,1101,1433,228137260
제주도,서귀포시,도심,숙박,내국인관광객,30대,여,201802,980,1209,188753595
제주도,서귀포시,도심,숙박,내국인관광객,30대,남,201802,935,1215,170656186
제주도,서귀포시,도심,숙박,내국인관광객,20대미만,여,201802,5,6,259200
제주도,서귀포시,도심,숙박,내국인관광객,20대미만,남,201802,10,11,719280
제주도,서귀포시,도심,숙박,내국인관광객,20대,여,201802,776,886,78895784
제주도,서귀포시,도심,숙박,내국인관광객,20대,남,201802,598,672,55301549
제주도,서귀포시,도심,쇼핑,내국인관광객,60대이상,여,201802,1122,2328,77395640
제주도,서귀포시,도심,쇼핑,내국인관광객,60대이상,남,201802,1849,3938,103051540
제주도,서귀포시,도심,쇼핑,내국인관광객,50대,여,201802,2560,4467,138635860
제주도,서귀포시,도심,쇼핑,내국인관광객,50대,남,201802,4369,9095,216118770
제주도,서귀포시,도심,쇼핑,내국인관광객,40대,여,201802,4098,7100,183469280
제주도,서귀포시,도심,쇼핑,내국인관광객,40대,남,201802,6707,13807,278762200
제주도,서귀포시,도심,쇼핑,내국인관광객,30대,여,201802,4557,7519,160126500
제주도,서귀포시,도심,쇼핑,내국인관광객,30대,남,201802,6296,12666,232619870
제주도,서귀포시,도심,쇼핑,내국인관광객,20대미만,여,201802,97,214,1945220
제주도,서귀포시,도심,쇼핑,내국인관광객,20대미만,남,201802,155,292,2264260
제주도,서귀포시,도심,쇼핑,내국인관광객,20대,여,201802,5580,9305,129024610
제주도,서귀포시,도심,쇼핑,내국인관광객,20대,남,201802,6459,13104,153441110
제주도,서귀포시,도심,소매,내국인관광객,60대이상,여,201802,513,678,79288940
제주도,서귀포시,도심,소매,내국인관광객,60대이상,남,201802,645,817,81087265
제주도,서귀포시,도심,소매,내국인관광객,50대,여,201802,1128,1433,100547989
제주도,서귀포시,도심,소매,내국인관광객,50대,남,201802,1379,1817,123574646
제주도,서귀포시,도심,소매,내국인관광객,40대,여,201802,1534,1962,84994737
제주도,서귀포시,도심,소매,내국인관광객,40대,남,201802,1678,2147,118213270
제주도,서귀포시,도심,소매,내국인관광객,30대,여,201802,1725,2306,87891390
제주도,서귀포시,도심,소매,내국인관광객,30대,남,201802,1634,2256,88214232
제주도,서귀포시,도심,소매,내국인관광객,20대미만,여,201802,41,51,979400
제주도,서귀포시,도심,소매,내국인관광객,20대미만,남,201802,37,43,1685200
제주도,서귀포시,도심,소매,내국인관광객,20대,여,201802,2410,3206,72755370
제주도,서귀포시,도심,소매,내국인관광객,20대,남,201802,1632,2157,54043720
제주도,서귀포시,도심,문화/레져,내국인관광객,60대이상,여,201802,115,134,6813810
제주도,서귀포시,도심,문화/레져,내국인관광객,60대이상,남,201802,295,426,31056430
제주도,서귀포시,도심,문화/레져,내국인관광객,50대,여,201802,333,393,16054470
제주도,서귀포시,도심,문화/레져,내국인관광객,50대,남,201802,663,834,45617120
제주도,서귀포시,도심,문화/레져,내국인관광객,40대,여,201802,546,644,21345880
제주도,서귀포시,도심,문화/레져,내국인관광객,40대,남,201802,779,953,43305680
제주도,서귀포시,도심,문화/레져,내국인관광객,30대,여,201802,440,511,14617320
제주도,서귀포시,도심,문화/레져,내국인관광객,30대,남,201802,534,674,17993460
제주도,서귀포시,도심,문화/레져,내국인관광객,20대미만,여,201802,7,7,69500
제주도,서귀포시,도심,문화/레져,내국인관광객,20대미만,남,201802,22,36,400000
제주도,서귀포시,도심,문화/레져,내국인관광객,20대,여,201802,515,562,11664300
제주도,서귀포시,도심,문화/레져,내국인관광객,20대,남,201802,634,739,15977820
제주도,서귀포시,도심,교통,내국인관광객,60대이상,여,201802,214,257,13162664
제주도,서귀포시,도심,교통,내국인관광객,60대이상,남,201802,574,698,39974651
제주도,서귀포시,도심,교통,내국인관광객,50대,여,201802,503,579,27549910
제주도,서귀포시,도심,교통,내국인관광객,50대,남,201802,1070,1297,65851052
제주도,서귀포시,도심,교통,내국인관광객,40대,여,201802,755,859,36265250
제주도,서귀포시,도심,교통,내국인관광객,40대,남,201802,1412,1667,76066900
제주도,서귀포시,도심,교통,내국인관광객,30대,여,201802,722,801,29242826
제주도,서귀포시,도심,교통,내국인관광객,30대,남,201802,1146,1348,58098599
제주도,서귀포시,도심,교통,내국인관광객,20대미만,여,201802,6,12,570000
제주도,서귀포시,도심,교통,내국인관광객,20대미만,남,201802,3,3,55000
제주도,서귀포시,도심,교통,내국인관광객,20대,여,201802,565,599,19107054
제주도,서귀포시,도심,교통,내국인관광객,20대,남,201802,722,758,25676338
제주도,서귀포시,도심,유흥,내국인관광객,60대이상,여,201801,40,44,3893200
제주도,서귀포시,도심,유흥,내국인관광객,60대이상,남,201801,127,203,31726600
제주도,서귀포시,도심,유흥,내국인관광객,50대,여,201801,58,72,6269300
제주도,서귀포시,도심,유흥,내국인관광객,50대,남,201801,347,480,82248500
제주도,서귀포시,도심,유흥,내국인관광객,40대,여,201801,84,100,6410100
제주도,서귀포시,도심,유흥,내국인관광객,40대,남,201801,330,462,82798800
제주도,서귀포시,도심,유흥,내국인관광객,30대,여,201801,124,147,8499540
제주도,서귀포시,도심,유흥,내국인관광객,30대,남,201801,296,441,32548200
제주도,서귀포시,도심,유흥,내국인관광객,20대미만,여,201801,1,1,10000
제주도,서귀포시,도심,유흥,내국인관광객,20대미만,남,201801,2,2,149000
제주도,서귀포시,도심,유흥,내국인관광객,20대,여,201801,186,244,10120100
제주도,서귀포시,도심,유흥,내국인관광객,20대,남,201801,264,370,19437900
제주도,서귀포시,도심,식음료,내국인관광객,60대이상,여,201801,1854,2545,110055835
제주도,서귀포시,도심,식음료,내국인관광객,60대이상,남,201801,3239,4765,210637440
제주도,서귀포시,도심,식음료,내국인관광객,50대,여,201801,4584,6124,258161445
제주도,서귀포시,도심,식음료,내국인관광객,50대,남,201801,7682,11269,508568521
제주도,서귀포시,도심,식음료,내국인관광객,40대,여,201801,7438,10250,386246214
제주도,서귀포시,도심,식음료,내국인관광객,40대,남,201801,10207,15036,617212580
제주도,서귀포시,도심,식음료,내국인관광객,30대,여,201801,8225,11009,329392902
제주도,서귀포시,도심,식음료,내국인관광객,30대,남,201801,8826,12402,413105890
제주도,서귀포시,도심,식음료,내국인관광객,20대미만,여,201801,105,156,2983910
제주도,서귀포시,도심,식음료,내국인관광객,20대미만,남,201801,179,232,3742150
제주도,서귀포시,도심,식음료,내국인관광객,20대,여,201801,7716,10163,257573298
제주도,서귀포시,도심,식음료,내국인관광객,20대,남,201801,6462,8839,236609861
제주도,서귀포시,도심,숙박,내국인관광객,60대이상,여,201801,200,281,43447090
제주도,서귀포시,도심,숙박,내국인관광객,60대이상,남,201801,413,580,104607795
제주도,서귀포시,도심,숙박,내국인관광객,50대,여,201801,617,768,138602584
제주도,서귀포시,도심,숙박,내국인관광객,50대,남,201801,1100,1478,195467408
제주도,서귀포시,도심,숙박,내국인관광객,40대,여,201801,1071,1365,211741680
제주도,서귀포시,도심,숙박,내국인관광객,40대,남,201801,1490,1996,311125474
제주도,서귀포시,도심,숙박,내국인관광객,30대,여,201801,1217,1510,214361584
제주도,서귀포시,도심,숙박,내국인관광객,30대,남,201801,1177,1461,207450998
제주도,서귀포시,도심,숙박,내국인관광객,20대미만,여,201801,5,5,572400
제주도,서귀포시,도심,숙박,내국인관광객,20대미만,남,201801,10,17,266050
제주도,서귀포시,도심,숙박,내국인관광객,20대,여,201801,809,963,85685013
제주도,서귀포시,도심,숙박,내국인관광객,20대,남,201801,567,682,59967348
제주도,서귀포시,도심,쇼핑,내국인관광객,60대이상,여,201801,1457,3109,96857270
제주도,서귀포시,도심,쇼핑,내국인관광객,60대이상,남,201801,2305,5175,141844010
제주도,서귀포시,도심,쇼핑,내국인관광객,50대,여,201801,3394,6063,181973110
제주도,서귀포시,도심,쇼핑,내국인관광객,50대,남,201801,6038,12786,303274188
제주도,서귀포시,도심,쇼핑,내국인관광객,40대,여,201801,5575,10259,263357920
제주도,서귀포시,도심,쇼핑,내국인관광객,40대,남,201801,8637,17982,369568210
제주도,서귀포시,도심,쇼핑,내국인관광객,30대,여,201801,5838,9585,209042290
제주도,서귀포시,도심,쇼핑,내국인관광객,30대,남,201801,7703,15510,274336531
제주도,서귀포시,도심,쇼핑,내국인관광객,20대미만,여,201801,114,246,2296780
제주도,서귀포시,도심,쇼핑,내국인관광객,20대미만,남,201801,314,1022,6429220
제주도,서귀포시,도심,쇼핑,내국인관광객,20대,여,201801,5619,9591,131219780
제주도,서귀포시,도심,쇼핑,내국인관광객,20대,남,201801,6369,14465,163514920
제주도,서귀포시,도심,소매,내국인관광객,60대이상,여,201801,718,915,105745501
제주도,서귀포시,도심,소매,내국인관광객,60대이상,남,201801,874,1158,105795750
제주도,서귀포시,도심,소매,내국인관광객,50대,여,201801,1617,2101,145322780
제주도,서귀포시,도심,소매,내국인관광객,50대,남,201801,2004,2542,164670740
제주도,서귀포시,도심,소매,내국인관광객,40대,여,201801,2276,2902,124947257
제주도,서귀포시,도심,소매,내국인관광객,40대,남,201801,2460,3173,139937642
제주도,서귀포시,도심,소매,내국인관광객,30대,여,201801,2337,3065,106491070
제주도,서귀포시,도심,소매,내국인관광객,30대,남,201801,2067,2740,97933772
제주도,서귀포시,도심,소매,내국인관광객,20대미만,여,201801,58,72,1460620
제주도,서귀포시,도심,소매,내국인관광객,20대미만,남,201801,45,50,1184600
제주도,서귀포시,도심,소매,내국인관광객,20대,여,201801,2477,3262,76630342
제주도,서귀포시,도심,소매,내국인관광객,20대,남,201801,1517,1931,51805640
제주도,서귀포시,도심,문화/레져,내국인관광객,60대이상,여,201801,167,198,7670170
제주도,서귀포시,도심,문화/레져,내국인관광객,60대이상,남,201801,385,544,36872820
제주도,서귀포시,도심,문화/레져,내국인관광객,50대,여,201801,439,532,23239216
제주도,서귀포시,도심,문화/레져,내국인관광객,50대,남,201801,890,1101,63021890
제주도,서귀포시,도심,문화/레져,내국인관광객,40대,여,201801,773,925,32627145
제주도,서귀포시,도심,문화/레져,내국인관광객,40대,남,201801,982,1196,51023567
제주도,서귀포시,도심,문화/레져,내국인관광객,30대,여,201801,552,629,15420475
제주도,서귀포시,도심,문화/레져,내국인관광객,30대,남,201801,578,704,22374170
제주도,서귀포시,도심,문화/레져,내국인관광객,20대미만,여,201801,19,21,432600
제주도,서귀포시,도심,문화/레져,내국인관광객,20대미만,남,201801,36,56,659000
제주도,서귀포시,도심,문화/레져,내국인관광객,20대,여,201801,486,568,10478630
제주도,서귀포시,도심,문화/레져,내국인관광객,20대,남,201801,648,767,16466020
제주도,서귀포시,도심,교통,내국인관광객,60대이상,여,201801,245,286,15048310
제주도,서귀포시,도심,교통,내국인관광객,60대이상,남,201801,648,814,44488865
제주도,서귀포시,도심,교통,내국인관광객,50대,여,201801,742,841,41380803
제주도,서귀포시,도심,교통,내국인관광객,50대,남,201801,1414,1702,87551991
제주도,서귀포시,도심,교통,내국인관광객,40대,여,201801,1018,1145,48778900
제주도,서귀포시,도심,교통,내국인관광객,40대,남,201801,1838,2185,97005797
제주도,서귀포시,도심,교통,내국인관광객,30대,여,201801,960,1058,36417569
제주도,서귀포시,도심,교통,내국인관광객,30대,남,201801,1442,1691,70364681
제주도,서귀포시,도심,교통,내국인관광객,20대미만,여,201801,6,6,177975
제주도,서귀포시,도심,교통,내국인관광객,20대미만,남,201801,1,1,20000
제주도,서귀포시,도심,교통,내국인관광객,20대,여,201801,602,634,19857600
제주도,서귀포시,도심,교통,내국인관광객,20대,남,201801,692,756,29157095
