협재해수욕장,협재해변,064-728-3981,제주 제주시 한림읍 한림로 329-10,협재리 2447,33.3937480,126.2394319,,09:00,19:00,7월1일~8월31일까지,주차/화장실/편의점/음료대/안내시설/경보및피난시설,해수욕장
곽지해수욕장,곽지과물해수욕장,064-728-3958,제주 제주시 애월읍 곽지리,곽지리,33.4445628,126.3130931,,09:00,19:00,7월1일~8월31일까지,주차/화장실/편의점/음료대/안내시설/경보및피난시설,해수욕장
김녕해수욕장,김녕성세기해변,064-728-3988,제주 제주시 구좌읍 구좌해안로 237,김녕리 4330,33.5572081,126.7365512,,09:00,19:00,7월1일~8월31일까지,주차/화장실/편의점/음료대/안내시설/경보및피난시설,해수욕장
절물자연휴양림,,064-728-1510,제주 제주시 명림로 584,봉개동 산78-37,33.4400488,126.6252034,https://www.foresttrip.go.kr/indvz/main.do?hmpgId=ID02030053,09:00,18:00,입장료면제(만 6세 이하 또는 만65세 이상인 사람)/다자녀가정30%할인,주차/약수터/연못/잔디광장/세미나실/산책로,휴양림
노루생태관찰원,,064-728-3611,제주 제주시 명림로 520,봉개동 산51-2,33.4443239,126.6266893,,09:00,18:00,09:00 - 18:00(3월~10월)/09:00 - 17:00(11월~2월),주차/와이파이/화장실/음료대/유도및안내시설,공원
제주별빛누리공원,,064-728-8900,제주 제주시 선돌목동길 60 ,오등동 10-34,33.4445761,126.5491861,http://www.jejusi.go.kr/star/main.do,14:00,22:00,14:00 - 22:00(10월~3월)/15:00 - 23:00(4월~9월)/월요일휴무,주차/예약/와이파이/유아시설(놀이방)/남녀화장실구분/장애인편의시설,공원
천지연폭포,,064-733-1528,제주 서귀포시 남성중로 2-15,서홍동 666-1,33.2447168,126.5595511,,09:00,21:00,입장마감21:20,주차/화장실/음료대/유도및안내시설/경보및피난시설,폭포
정방폭포,,064-733-1530,제주 서귀포시 칠십리로2 14번길 37,동홍동 278,33.2447480,126.5730501,,09:00,18:00,매일 09:00 - 18:00(일몰시간에 따라 변경가능),주차/화장실/편의점/음료대/유도및안내시설/경보및피난시설,폭포
중문대포주상절리대,중문대포해안,064-738-1521,제주 서귀포시 이어도로 36-30,제주 서귀포시 중문동 2768-1,33.2379944,126.4260177,,09:00,18:00,연중무휴,현금결제/카드결제주차/편의점/음료대/유도및안내시설/경보및피난시설,기념물
천제연폭포,선임교,064-760-6331,제주 서귀포시 천제연로 132,중문동 2232,33.2526755,126.4183742,,09:00,18:00,매일 09:00 - 18:00(일몰시간에 따라 변경가능),주차/현금결제/카드결게,폭포
산방산,,064-794-2940,제주 서귀포시 안덕면 사계리산 16,사계리 산16,33.2423924,126.3139508,,09:00,18:00,평일 : 08:30 ~ 18:00/주말 : 08:00 ~ 18:00,주차/현금결제/카드결제/화장실/편의점/음료대/유도및안내시설,산
용머리해안,,064-760-6321,제주 서귀포시 안덕면 사계리 118,사계남로216번길 28,33.2338565,126.3111194,,09:00,17:00,만조 및 기상악화시 통제,주차/화장실/유도및안내시설,해변
감귤박물관,,064-767-3010,제주 서귀포시 효돈순환로 441,신효동 1200-6,33.2715930,126.6074285,,09:00,19:00,1월1일 휴관/설날 휴관/추석 휴관,주차/남녀화장실구분,박물관
국제평화센터,,064-735-6550,제주 서귀포시 중문관광로 227-24,중문동 2574,33.2443884,126.4220223,http://www.ipcjeju.com/,09:00,18:00,17:30 입장마감,주차/와이파이/화장실/장애인편의시설,전시관
김만덕기념관,,064-759-6090,제주 제주시 산지로 7 ,건입동 1164,33.5158750,126.5303913,http://www.mandukmuseum.or.kr/,09:00,18:00,월요일 휴무/1월1일 휴무/설날 휴무/추석 휴무,엘리베이터,기념관
제주도립미술관,,064-710-4300,제주 제주시 1100로 2894-78,연동 680-7,33.4525500,126.4896861,http://jmoa.jeju.go.kr/kor/,09:00,18:00,월요일 휴무/1월1일 휴무/설날 휴무/추석 휴무,주차/화장실,미술관
현대미술관,,064-710-7801,제주 제주시 한경면 저지 14길 35,저지리 2114-63,33.3396929,126.2656919,http://www.jejumuseum.go.kr/kor/,09:00,19:00,매일 09:00 - 18:00(10월-6월)/매일 09:00 - 19:00(7월-9월)/월요일 휴무/1월1일 휴무/명절 휴관,주차/현금결제/카드결제/화장실/와이파이/음료대/유도및안내시설/경보및피난시설,미술관
김창열미술관,,064-710-4150,제주 제주시 한림읍 용금로 883-5,월림리 115-23,33.3390713,126.2686717,http://kimtschang-yeul.jeju.go.kr/kimArt/mainView.do,09:00,18:00,월요일 휴무/1월1일 휴무/설날 휴무/추석 휴무,주차/현금결제/카드결제/화장실/와이파이/유도및안내시설/경보및피난시설,미술관
민속자연사박물관,,064-710-7708,제주 제주시 삼성로 40,일도이동 996-1,33.5056304,126.5317241,https://www.jeju.go.kr/museum/index.htm,09:00,18:00,입장마감17:30/월요일 휴무,주차/남녀화장실구분,박물관
만장굴,,064-710-7903,제주 제주시 구좌읍 만장굴길 182,월정리 산41-5,33.5283774,126.7716158,,09:00,18:00,입장마감17:00/수요일 휴무/매달 첫번째 수요일 휴무,주차/현금결제/카드결제/와이파이/화장실/편의점/음료대,동굴
비자림,,064-710-7912,제주 제주시 구좌읍 비자숲길 55,평대리 3161-1,33.4910973,126.8114612,,09:00,18:00,입장마감17:00/연중무휴/애완동물 또는 음식물 일체 반입 금지,주차/현금결제/카드결제/화장실/와이파이,휴양림
성산일출봉,,064-783-0959,제주 서귀포시 성산읍 일출로 284-12,성산리 114,33.4622338,126.9368007,,07:00,20:00,입장마감19:00,주차/현금결제/카드결제/화장실/와이파이/편의점/음료대/유도및안내시설/경보및피난시설/임산부휴게시설,봉우리
세계자연유산센테,거문오름,064-710-8980,제주 제주시 조천읍 선교로 569-36,선흘리 478,33.4569199,126.7147521,http://www.jeju.go.kr/wnhcenter/index.htm,09:00,18:00,매월 첫째 화요일 휴관/설날 휴관/추석 휴관,주차/현금결제/카드결제/화장실/와이파이/편의점/음료대/유도및안내시설/경보및피난시설/임산부휴게시설/엘리베이터,박물관
제주돌문화공원,,064-710-7731,제주 제주시 조천읍 남조로 2023,교래리 산95,33.4513646,126.6567110,http://www.jeju.go.kr/jejustonepark/index.htm,09:00,18:00,애월 첫째 월요일 휴무,주차/현금결제/카드결제/화장실/편의점/음료대/임산부휴게시설,공원
교래자연휴양림,,064-710-7475,제주 제주시 조천읍 남조로 2023,교래리 119,33.4513646,126.6567110,http://www.jeju.go.kr/jejustoneparkforest/index.htm,09:00,16:00,매일 07:00 - 16:00(하절기)/매일 07:00 - 15:00(동절기),주차/현금결제/카드결제/화장실/편의점/음료대/유도및안내시설/엘리베이터,휴양림
제주해녀박물관,,064-782-9898,제주 제주시 구좌읍 해녀박물관길 26,하도리 3204-1,33.5236099,126.8634256,http://www.jeju.go.kr/haenyeo/index.htm,09:00,18:00,입장마감17:00/어린이해녀관 09:00~17:00/매주 월요일 휴무/설날 휴무/추석 휴무/1월1일 휴무,주차/현금결제/카드결제/화장실/와이파이/음료대/유도및안내시설/경보및피난시설/임산부휴게시설/엘리베이터,박물관
항일기념관,,064-783-2008,제주 제주시 조천읍 신북로 303,조천리 1156,33.5410273,126.6407255,http://www.jeju.go.kr/hangil/index.htm,09:00,18:00,1월1일 휴관/설날 휴관/추석 휴관,주차/화장실/와이파이/음료대/유도및안내시설/경보및피난시설/엘리베이터,기념관
제주유리박물관,,064-792-6262,제주 서귀포시 중산간서로 1403,상예동 4303,33.2785139,126.3701574,http://www.glassmuseum.co.kr/,10:00,22:00,입장마감 20:00,주차장/현금결제/카드결제/화장실/음료대/유도및안내시설/경보및피난시설,박물관
백년초농장박물관,,064-739-1777,제주 서귀포시 태평로 200,호근동 310-3,33.2446746,126.5438914,http://www.jeju300.com/,09:00,17:00,연중무휴,주차장/현금결제/카드결제/와이파이/화장실,박물관
문예회관,,064-710-7632,제주 제주시 동광로 69,일도이동 852,33.5044440,126.5351724,http://www.jeju.go.kr/jejuculture/index.htm,00:00,00:00,,주차장,박물관
제주목관아,,064-710-6714,제주 제주시 관덕로 25,삼도이동 1045-1,33.5140017,126.5218039,http://www.jeju.go.kr/mokkwana/index.htm,09:00,18:00,입장마감17:30,주차/현금결제/카드결제/화장실/와이파이/유도및안내시설/경보및피난시설,문화재
삼양동선사유적지,,064-710-6806,제주 제주시 선사로2길 13,삼양일동 1660-5,33.5235046,126.5879995,,09:00,18:00,무료,주차/화장실/와이파이/음료대/경보및피난시설,문화유적지
항몽유적지,,064-710-6720,제주 제주시 애월읍 항파두리로 50,상귀리 1012,33.4517705,126.4074349,http://www.jeju.go.kr/hangpadori/index.htm,08:30,18:00,매일 08:30 - 18:00(하절기)/매일 09:00 - 17:00(동절기),주차/화장실/와이파이/음료대/유도및안내시설/경보및피난시설,문화유적지
우도해양도립공원,,064-782-5671,제주 제주시 우도면 삼양고수물길 1,연평리 904-1,33.5194720,126.9510167,,00:00,00:00,장애인 무료(선박료 별도),주차/화장실/편의점/음료대,공원
마라해양도립공원,,064-760-4014,제주 서귀포시 대정읍 마라로 101번길 46,가파리 600,33.1186079,126.2672950,http://www.jejumarado.com/,00:00,00:00,,화장실,공원
서귀포해양도립공원,,064-760-2911,제주 서귀포시 남성로 128번길 13,서홍동 731-2,33.2417764,126.5559679,,00:00,00:00,무료,,공원
제주 불빛정원,,064-799-6996,제주 제주시 애월읍 평화로 2346,유수암리 1083,33.4225978,126.4089654,http://www.rosestar.kr/,17:00,23:00,연중무휴,현금결제/카드결제/화장실,테마파크
서귀포자연휴양림,산림휴양림,064-738-4544,제주 서귀포시 영실로 226,하원동 산1-1,33.3386324,126.4791729,http://healing.seogwipo.go.kr/index.htm,09:00,17:30,일반입장료 : 1000원/장애인입장료 : 무료,주차/현금결제/카드결제/화장실/와이파이/편의점/음료대/유도및안내시설/경보및피난시설/흡연구역,휴양림
붉은오름자연휴양림,,064-760-3481,제주 서귀포시 표선면 남조로 1487-73,가시리 158,33.4014288,126.6756706,http://healing.seogwipo.go.kr/redforest/redintro.htm,09:00,18:00,일반입장료 : 1001원/장애인입장료 : 무료,주차/현금결제/카드결제/화장실/와이파이/편의점/음료대/유도및안내시설/경보및피난시설,휴양림
치유의숲,,064-760-3067,제주 서귀포시 산록남로 2271,호근동 산4,33.2919386,126.5279023,http://healing.seogwipo.go.kr/healing/healingintro.htm,00:00,00:00,일반입장료 : 1002원/장애인입장료 : 무료,주차/화장실,산책로
이중섭미술관,,064-760-3567,제주 서귀포시 이중섭로 27-3,서귀동 532-1,33.2458616,126.5648746,http://culture.seogwipo.go.kr/jslee/index.htm,09:00,18:00,월요일휴무,주차/현금결제/카드결제/화장실/와이파이/유도및안내시설/경보및피난시설,미술관
기당미술관,,064-733-1586,제주 서귀포시 남성중로 153번길 15,서홍동 621,33.2448476,126.5511958,http://culture.seogwipo.go.kr/gidang/index.htm,09:00,18:00,7~9월 20:00까지/월요일휴무/신정휴무/명졀휴무,주차/현금결제/카드결제/화장실/와이파이/음료대/유도및안내시설/경보및피난시설,미술관
제주추사관,,064-710-6801,제주 서귀포시 대정읍 추사로 44,안성리 1661-1,33.2497961,126.2784940,http://www.jeju.go.kr/chusa/index.htm,09:00,18:00,입장마감17:30/월요일 휴관/설날 휴관/추석 휴관,주차/현금결제/카드결제/화장실/와이파이/음료대/유도및안내시설/경보및피난시설/엘리베이터,추사관
서복전시관,,064-760-6361,제주 서귀포시 칠십리로 158-8,서귀동 100-2,33.2447056,126.5709421,,09:00,18:00,65세이상 무료/6세이하 무료/장애인 무료/국가유공자 무료,주차/현금결제/카드결제/화장실/유도및안내시설/경보및피난시설,전시관
제주 난타,,064-723-8848,제주 제주시 선돌목동길 56-26,오등동 10-1,33.4458273,126.5479104,https://www.nanta.co.kr:452/,17:00,20:00,연중무휴/공연시간 17:00/공연시간 20:00,주차장/현금결제/카드결제/화장실/와이파이/음료대/유도및안내시설/경보및피난시설,공연
제주 빅볼랜드,,1588-6418,제주 제주시 애월읍 산록서로 15,어음리 산3,33.3902394,126.3754245,http://jejuprimeleisure.com/,10:00,17:30,연중무휴,주차장/현금결제/카드결제/화장실/와이파이/음료대/유도및안내시설/경보및피난시설,체험
검멀레해변,,064-728-3394,제주 제주시 우도면 연평리,연평리 ,33.5059831,126.9602566,,09:00,19:00,,편의점,해변
피규어뮤지엄 제주,,064-792-2244,제주 서귀포시 안덕면 한창로 243,상창리 1875-8,33.2819038,126.3553569,http://www.figurejeju.com/,09:30,18:00,입장마감 17:00,주차장,박물관
신양섭지해수욕장,,064-760-2772,제주 서귀포시 성산읍 섭지코지로 107,고성리 127-2,33.4260316,126.9264499,,09:00,19:00,,주차/화장실/편의점/음료대/유도및안내시설,해수욕장
화조원,,064-799-9988,제주 제주시 애월읍 애원로 804,납읍리 58,33.4113080,126.3720053,http://flowerbirdpark.com/sub/main.php,09:00,18:00,발권마감17:00,주차장,체험
서귀포천문과학문화관,,064-739-9701,제주 서귀포시 1100도로 506-1,하원동 산70,33.2879500,126.4613008,http://culture.seogwipo.go.kr/astronomy/index.htm,14:00,22:00,월요일 휴무(월요일이 공휴일인 경우 개관)/1월1일 휴관/설날 휴관/추석 휴관,주차/현금결제/카드결제/화장실/음료대/유도및안내시설/경보및피난시설,박물관
사려니숲길,,064-900-8800,제주 제주시 조천읍 교래리 산 137-1,교래리 산137-1,33.4077056,126.6425091,,09:00,17:00,무료,화장실,산책로
카멜리아힐,,064-792-0088,제주 서귀포시 안덕면 병악로 166,상창리 271,33.2901402,126.3683652,https://www.camelliahill.co.kr/,08:30,19:00,발권마감17:30,주차/현금결제/카드결제/화장실,산책로
월정리해변,,064-728-3394,제주 제주시 구좌읍 해맞이해안로 480-1,월정리 33,33.5546234,126.7983764,,00:00,00:00,2020년 해수욕장 미개장,주차/화장실/편의점/음료대/유도및안내시설,해변
함덕해수욕장,함덕서우봉해변,064-728-3989,제주 제주시 조천읍 조함해안로 525,함덕리 산14-1,33.5428268,126.6705103,,09:00,19:00,7월1일~8월31일까지,주차/화장실/편의점/음료대/유도및안내시설/경보및피난시설,해수욕장
새별오름,,064-728-2752,제주 제주시 애월읍 봉성리 산 59-8,봉성리 산 59-8,33.3672101,126.3552836,,00:00,00:00,연중무휴,주차/화장실/유도및안내시설,오름
섭지코지,,064-728-2810,제주 서귀포시 성산읍 고성리,고성리 127-2,33.4493166,126.9082695,,00:00,00:00,연중무휴/무료,주차/현금결제/카드결제/화장실/편의점/음료대,등산
오설록티뮤지엄,,064-794-5312,제주 서귀포시 안덕면 신화역사로 15,서광리 1235-1,33.3059197,126.2893737,https://www.osulloc.com/kr/ko/museum,09:00,19:00,입장마감(18:30),주차/현금결제/카드결제/화장실/와이파이/편의점/음료대/유도및안내시설/경보및피난시설/엘리베이터,산책로
한라산국립공원,,064-713-9950,제주 제주시 1100로 2070-61,해안동 산220-13,33.3926868,126.4948405,http://www.jeju.go.kr/hallasan/index.htm,09:00,17:00,설날 휴관/추석 휴관,주차/화장실/편의점/음료대,등산
제주 4.3 평화공원,,064-723-4344,제주 제주시 명림로 430,봉개동 237-2,33.4498256,126.6177477,https://jeju43peace.or.kr/,09:00,18:00,입장마감17:00/매월 첫째-셋째 월요일 휴관,주차장/화장실/와이파이/음료대/유도및안내시설/경보및피난시설/임산부휴게실/엘리베이터,산책로
에코랜드 테마파크,,064-802-8020,제주 제주시 조천읍 번영로 1278-169,대흘리 1221-1,33.4553485,126.6688528,http://theme.ecolandjeju.co.kr/,09:00,18:00,막차출발 17:00/일몰시간에 따라 변동 가능/연중무휴,주차/현금결제/카드결제/화장실/와이파이/편의점/음료대/유도및안내시설/경보및피난시설/임산부휴게시설,공연
용눈이오름,,064-710-6043,제주 제주시 구좌읍 종달논길,종달리 산28,33.4912987,126.8995368,,00:00,00:00,,주차,등산
우도산호해변 홍조단괴 서빈백사,,064-728-3394,제주 제주시 우도면 우도해안길 252,연평리 2516-2,33.5026666,126.9437402,,00:00,00:00,,주차/화장실/편의점/음료대,해변
세화해변,세화해수욕장,064-728-7752,제주 제주시 구좌읍 해녀박물관길 27,세화리 1-1,33.5233717,126.8622397,,00:00,00:00,,주차장/화장실/편의점/음료대/유도및안내시설,해수욕장
광치기해변,,,제주 서귀포시 성산읍 섭지코지로 63,고성리 224-18,33.4370214,126.9224034,,00:00,00:00,,주차장,해수욕장
제주아쿠아플라넷,,1833-7001,제주 서귀포시 성산읍 섭지코지로 95,고성리 127-3,33.4329769,126.9277955,https://www.aquaplanet.co.kr/jeju/index.do,10:00,19:00,매표소 마감 18:00/입장마감 18:30,주차장/현금결제/카드결제/화장실/와이파이/편의점/음료대/유도및안내시설/경보및피난시설/엘리베이터,아쿠아리움
송악산,,,제주 서귀포시 대정읍 송악관광로 421-1,상모리 131,33.2077669,126.2908879,,00:00,00:00,무료,주차장/화장실/편의점/음료대/유도및안내시설,등산
쇠소깍,,064-732-1562,제주 서귀포시 남원읍 하례로 378,하례리 995-1,33.2808118,126.6226661,,00:00,00:00,,주차장/화장실/편의점/음료대/유도및안내시설,계곡
금능해수욕장,금능으뜸원해변,064-728-3983,제주 제주시 한림읍 금능길 119-10,금능리 2026,33.3904006,126.2362051,,09:00,19:00,7월1일~8월31일까지,주차장/화장실/편의점/음료대/유도및안내시설,해수욕장
캐릭파크,,064-784-3500,제주 제주시 조천읍 선교로 266,선흘리 2019-3,33.4792774,126.7005329,http://www.characpark.co.kr/,10:00,18:00,입장마감 17:00,주차장/화장실,테마파크
한라산영실코스,,064-747-9950,제주 서귀포시 영실로 246,하원동 산1-1,33.3401037,126.4805131,,06:00,18:00,기상상황에 따라 입산통제,주차,등산
용두암,,064-728-3601,제주 제주시 용두암길 15,용담이동 483,33.5148036,126.5117980,,00:00,00:00,무료/주차요금별도,주차/화장실/음료대,자연명소
다랑쉬오름,월랑봉,064-710-3314,제주 제주시 구좌읍 구좌로 109-8,세화리 산6,33.5216487,126.8624440,,00:00,00:00,,주차,등산
한림공원,,064-796-0001,제주 제주시 한림읍 한림로 300,협재리 2487,33.3902249,126.2396912,https://www.hallimpark.com/,08:00,19:00,매일 08:30 - 18:00 10월~2월(입장마감 17:00)/매일 08:30 - 19:00 3월~9월(입장마감 17:30),주차장/현금결제/카드결제/화장실/와이파이/흡연구역/편의점/음료대/유도및안내시설,자연공원
더럭초등학교,더럭분교,064-797-7200,제주 제주시 애월읍 하가로 195,하가리 1580-1,33.4535949,126.3451713,http://deoreok.jje.es.kr/,18:00,23:00,평일 18시 이후/토요일 13시 이후/공휴일 9시 이후,화장실,지역명소
외돌개,,064-760-3192,제주 서귀포시 서홍동 791,서홍동 791,33.2400769,126.5456639,,00:00,00:00,연중무휴,주차장/화장실,관람
쇠머리오름,우도봉,064-728-4333,제주 제주시 우도면 연평리 산 23,연평리 산 23,33.4917122,126.9638072,,00:00,00:00,,주차장,등산
가파도,,064-794-7130,제주 서귀포시 대정읍 가파리,가파리 ,33.1697319,126.2712937,,00:00,00:00,,화장실,섬
이호테우말등대,,,제주 제주시 서해안로 58,이호일동 374,33.5021568,126.4564041,,00:00,00:00,,주차장,자연명소
신창~차귀해안도로,,,제주 제주시 한경면 한경해안로 470,신창리 1353-1,33.3418067,126.1712389,,00:00,00:00,,,드라이브
중문색달해수욕장,중문색달해변,064-760-4993,제주 서귀포시 중문관광로 72번길 29-51,색달동 2822-12,33.2458961,126.4129763,,10:00,19:00,무료,주차장/화장실/편의점/음료대/유도및안내시설/경보및피난시설,해수욕장
비양도,,064-796-7522,제주 제주시 한림읍 협재리,협재리,33.3870124,126.2459881,,00:00,00:00,연중무휴,주차장/현금결제/카드결제/화장실/편의점/음료대/유도및안내시설,섬
성이시돌목장,,,제주 제주시 한림읍 산록남로 53,금악리 116,33.3453713,126.3214100,,00:00,00:00,,주차장,농공시설
휴애리 자연생활공원,,064-732-2114,제주 서귀포시 남원읍 신례동로 256,신례리 2081,33.3085348,126.6343808,http://www.hueree.com/index.php,09:00,18:00,연중무휴/하절기(4월~10월) 입장마감 17:30/동절기(11월~3월) 입장마감 16:30,주차장/현금결제/카드결제/화장실/와이파이/편의점/음료대/유도및안내시설/경보및피난시설/임산부휴게시설,자연공원
황우지해안,,064-760-4601,제주 서귀포시 서홍동 766-1,서홍동 766-1,33.2415696,126.5497664,,00:00,00:00,,주차장,해수욕장
노리매공원,,064-792-8211,제주 서귀포시 대정읍 중산간서로 2260-15,구억리 654-1,33.2825442,126.2873438,http://www.norimae.com/,09:00,18:00,폐장 1시간전 입장마감,주차장/현금결제/카드결제/화장실/음료대/유도및안내시설/경보및피난시설,테마파크
백약이오름,,064-760-4451,제주 서귀포시 표선면 성읍리 산1,성읍리 산1,33.4373142,126.7917775,,00:00,00:00,,주차장,등산
보롬왓,,010-7362-2345,제주 서귀포시 표선면 번영로 2350-104,성읍리 3229-4,33.4134956,126.7524948,https://story.kakao.com/ch/jejuhanul,08:30,18:30,깡통열차 운행시간 30분간격/첫차 10:00/막차 17:00,주차장/와이파이,테마파크
관덕정,,064-710-6711,제주 제주시 관덕로 19,삼도이동 983-1,33.5133681,126.5214745,,09:00,18:00,연중무휴,주차장/화장실/유도및안내시설,문화유적지
메이즈랜드,,064-784-3838,제주 제주시 구좌읍 비자림로 2134-47,평대리 3322,33.4891553,126.8010962,http://mazeland.co.kr/,09:00,17:30,매일 09:00 - 17:30(11월~1월)/매일 09:00 - 18:00(2월~3월)/매일 09:00 - 18:00(10월)/매일 09:00 - 18:30(4월~5월)/매일 09:00 - 18:30(8월~9월)/매일 09:00 - 19:00(6월~7월),주차장/현금결제/카드결제/화장실/와이파이/흡연구역/편의점/음료대/유도및안내시설/경보및피난시설/임산부휴게시설,테마파크
새연교,,064-760-3471,제주 서귀포시 서홍동 707-4,서홍동 707-4,33.2385316,126.5588867,,00:00,00:00,연중무휴,주차장/화장실/편의점/음료대/유도및안내시설,지역명소
표선해수욕장,표선해비치해변,064-760-4467,제주 서귀포시 표선면 표선리,표선리,33.3265291,126.8287399,,00:00,00:00,,화장실,해수욕장
김영갑갤러리 두모악,,064-784-9907,제주 서귀포시 성산읍 삼달로 137,삼달리 437-5,33.3723676,126.8542458,http://www.dumoak.com/,09:30,18:00,매일 09:30 -18:00 봄(3월~6월)/매일 09:30 - 18:30 여름(7월~8월)/매일 09:30 - 18:00가을(9월~11월)/매일09:30 - 17:00겨울(12월~2월)/30분전 입장마감 ,주차장/현금결제/카드결제/화장실/편의점/음료대/유도및안내시설/경보및피난시설,갤러리
따라비 오름,,,제주 서귀포시 표선면 가시리 산62,가시리 산62,33.3860382,126.7502665,,00:00,00:00,,주차장,등산
중문관광단지,,064-735-7200,제주 서귀포시 중문관광로 72번길 35,색달동 2812-4,33.2485996,126.4103301,http://www.jungmunresort.com/ab-home,00:00,00:00,,주차,체험
윗세오름,웃세오름,064-713-9950,제주 제주시 애월읍 광령리 산183-1,광령이 산183-1,33.3708702,126.4777450,,00:00,00:00,,주차장,등산
제주동백수목원,,064-764-4473,제주 서귀포시 남원읍 위미중앙로300번길 15,위미리 904-3,33.2729412,126.6750048,,09:30,17:00,입장료는 현금 또는 계좌이체만 가능,주차장,식물원
하고수동해변,하고수동해수욕장,064-728-4352,제주 제주시 우도면 연평리,연평리,33.5059831,126.9602566,,00:00,00:00,무료,주차장,해수욕장
백록담,한라산,064-756-9950,제주 서귀포시 토평동 산 15-1,토평통 산 15-1,33.3469026,126.5354544,,06:00,18:00,기상상황에 따라 입산통제,주차장,등산
삼양해수욕장,삼양검은모래해변,064-728-3991,제주 제주시 삼양동,삼양동,33.5218858,126.5855994,,09:00,19:00,7월1일~8월31일까지,화장실/편의점/음료대/유도및안내시설,해수욕장
선녀와나무꾼,,064-784-9001,제주 제주시 조천읍 선교로 267,선흘리 1997,33.4796208,126.7026850,http://www.namuggun.com/,09:00,18:00,입장마감17:00/기상상황에 따라 폐장시간 변동가능,주차장/현금결제/카드결제/화장실/와이파이/흡연구역/음료대/유도및안내시설/경보및피난시설,테마파크
마방목지,,064-710-2298,제주 제주시 516로 2480,용강동 산14-34,33.4276387,126.6035946,,00:00,00:00,,주차장,자연명소
아침미소목장,,064-727-2545,제주 제주시 첨단동길 160-20,월평동 155,33.4547876,126.5862520,https://morningsmile.modoo.at/,10:00,17:00,매주 화요일 휴무/설명절 휴무,주차/와이파이/화장실/반려동물,자연명소
용담 해안도로,,,제주 제주시 서해안로 687-8,용담이동 488-9,33.5155492,126.5120928,,00:00,00:00,,화장실,드라이브
차귀도,,064-772-3224,제주 제주시 한경면 고산리 125,한경면,33.3501251,126.1841571,,00:00,00:00,,주차장/화장실/편의점/음료대/유도및안내시설/경보및피난시설,섬
아부오름,,064-710-6043,제주시 구좌읍 송당리 산164-1,송당리 산164-1,33.4476796,126.7773665,,00:00,00:00,,주차,등산
월령선인장군락지,,064-728-2752,제주 제주시 한림읍 월령3길 27-4,월령리 359,33.3778798,126.2157124,,00:00,00:00,,주차,기념물
여미지식물원,,064-735-1100,제주 서귀포시 중문관광로 93,색달동 2484-1,33.2544646,126.4144764,http://www.yeomiji.or.kr/main/main.jsp,09:00,18:00,매표소 마감 17:30,주차장/현금결제/카드결제/화장실/편의점/음료대/유도및안내시설/경보및피난시설/임산부휴게시설,식물원
제주유리의성,,064-772-7777,제주 제주시 한경면 녹차분재로 462,저지리 3135-1,33.3146339,126.2736624,http://www.jejuglasscastle.com/,09:00,19:00,입장마감 18:00,주차장/현금결제/카드결제/화장실/와이파이/흡연구역/편의점/음료대/유도및안내시설/경보및피난시설,박물관
녹산로유채꽃길,,,제주 서귀포시 표선면 가시리 산87-15,가시리 산 87-15,33.3984052,126.7199214,,00:00,00:00,,,드라이브
서우봉,,064-710-6043,제주 제주시 조천읍 함덕리 169-1,함덕리 169-1,33.5453640,126.6775412,,00:00,00:00,,주차장,등산
소인국테마파크,,064-794-5400,제주 서귀포시 안덕면 중산간서로 1878,서광리 725,33.2906452,126.3221948,https://soingook.com/,09:00,18:00,,주차장/현금결제/카드결제/화장실/편의점/음료대/유도및안내시설/경보및피난시설,테마파크
렛츠런팜제주,,064-780-0132,제주 제주시 조천읍 남조로 1660,교래리 산25-2 25-2,33.4191372,126.6812468,http://krafarm.kra.co.kr/,09:00,18:00,월요일 휴무/화요일 휴무/공휴일 휴무,주차장/화장실/와이파이/음료대/유도및안내시설/경보및피난시설,자연명소
오라동 청보리-메밀꽃밭,,,제주 제주시 오라2동 산 76,오라2동 산 76,33.4271589,126.5057836,,00:00,00:00,유료1000원,주차장,자연명소
제주민속촌,,064-787-4501,제주 서귀포시 표선면 민속해안로 631-34,표선리 40-1,33.3212871,126.8430882,https://jejufolk.com/index.php,08:00,18:00,연중무휴/매일 09:00 - 17:00 관람열차 운영시간,주차장/현금결제/카드결제/화장실/편의점/음료대/경보및피난시설/임산부휴게시설,관람
하도해변,하도해수욕장,064-728-3394,제주 제주시 구좌읍 해맞이해안로 ,해맞이해안로,33.5323494,126.8476565,,00:00,00:00,,주차장/화장실/음료대/유도및안내시설/경보및피난시설,해수욕장
수월봉,지질트레일,064-772-3334,제주 제주시 한경면 노을해안로 1013-70,고산리 3762,33.2942012,126.1629872,,00:00,00:00,,화장실/편의점,등산
안덕계곡,,064-794-9001,제주 서귀포시 안덕면 일주서로 1524,감산리 1946,33.2584149,126.3529823,,00:00,00:00,연중무휴,주차장/화장실/유도및안내시설,계곡
헬로키티아일랜드,,064-792-6114,제주 서귀포시 안덕면 한창로 340,상창리 1963-2,33.2900996,126.3520811,https://www.hellokittyisland.co.kr/,09:00,18:00,입장마감 17:00,주차장/현금결제/카드결제/화장실/흡연구역/편의점/음료대/유도및안내시설/경보및피난시설/임산부휴게시설/엘리베이터,테마파크
제주러브랜드,,064-712-6988,제주 제주시 1100로 2894-72 ,연동 680-26,33.4521111,126.4884830,http://www.jejuloveland.com/,09:00,22:00,매표마감 21:00,주차장/현금결제/카드결제/화장실/와이파이/흡연구역/편의점/음료대/유도및안내시설/경보및피난시설/임산부휴게시설,테마파크
제주 김녕미로공원,,064-782-9266,제주 제주시 구좌읍 만장굴길 122,김녕리 산16,33.5362521,126.7720206,http://www.jejumaze.com/,09:00,18:00,입장마감 17:00,주차장/현금결제/카드결제/화장실/와이파이/흡연구역/편의점/음료대,테마파크
제주조천스위스마을,,064-744-6060,제주 제주시 조천읍 함와로 566-27,와산리 1559-18,33.4939459,126.6767744,http://www.jejuswiss.com/,00:00,00:00,연중무휴,현금결제/카드결제/화장실/와이파이/흡연구역/편의점,지역명소
군산,군산오름/코메오름,,제주 서귀포시 안덕면 창천리 564,창천리 564,33.2551603,126.3683025,,00:00,00:00,무료,주차장,등산
박물관은 살아있다,,064-805-0888,제주 서귀포시 중문관광로 42,색달동 2629,33.2549006,126.4097703,http://www.alivemuseum.com/center/index,09:00,21:30,연중무휴/매표마감 20:30,주차장/현금결제/카드결제/화장실/와이파이/흡연구역/편의점/음료대/유도및안내시설/경보및피난시설/임산부휴게시설,테마파크
용연,,064-726-4591,제주 제주시 동한두기길 35,용담1동 2581-4,33.5165302,126.5151700,,00:00,00:00,무료,주차장/화장실/음료대,지역명소
제주레일바이크,,064-783-0033,제주 제주시 구좌읍 용눈이오름로 641,종달리 4639,33.4643180,126.8366011,http://www.jejurailpark.com/,09:00,17:30,장애인 30%할인,주차장/현금결제/카드결제/화장실/편의점,체험
한담해변,,064-728-3394,제주 제주시 애월읍 애월로 1길 26-4,애월리 2533-1,33.4627490,126.3101109,,00:00,00:00,,주차장/화장실/음료대/유도및안내시설/경보및피난시설,해수욕장
본태박물관,,064-792-8108,제주 서귀포시 안덕면 산록남로 762번길 69,상천리 380,33.3039548,126.3925683,http://www.bontemuseum.com/,10:00,18:00,연중무휴,주차장/와이파이/화장실,박물관
한라산어리목코스,,064-713-9950,제주 제주시 1100로 2070-61,해안동 산220-13,33.3926868,126.4948405,http://www.jeju.go.kr/hallasan/index.htm,06:00,18:00,기상상황에 따라 입산통제,주차장,등산
김경숙해바라기농장,,064-721-1482,제주 제주시 번영로 854-1,회천동 391,33.4774072,126.6275923,,00:00,00:00,,주차장,관람
선운정사,,064-799-8588,제주 제주시 애월읍 구몰동길 65 선운정사,봉성리 3608,33.4293598,126.3071463,,18:00,21:00,하절기22시/우천시휴무,주차장,지역명소
성읍민속마을,,064-710-6797,제주 서귀포시 표선면 성읍정의현로 19,성읍리 3294,33.3845106,126.8003767,http://www.jeju.go.kr/seongeup/index.htm,00:00,00:00,무료,주차장/화장실/와이파이/편의점/경보및피난시설,체험
세계자동차 & 피아노박물관,,064-792-3000,제주 서귀포시 안덕면 중간서로 1610,상창리 2065-4,33.2832143,126.3499173,http://www.koreaautomuseum.com/,09:00,18:00,17:30 입장마감/연중무휴,주차장/현금결제/카드결제/화장실/흡연구역/음료대/유도및안내시설,박물관
우도등대,,064-783-0180,제주 제주시 우도면 우도봉길 105,연평리 337,33.4929711,126.9651205,,00:00,00:00,,주차장,지역명소
환상숲 곶자왈공원,,064-772-2488,제주 제주시 한경면 녹차분재로 594-1,저지리 2848-2,33.3225720,126.2632381,http://www.jejupark.co.kr/,09:00,18:00,일요일 오전 휴무/매일 09:00 - 17:00 동절기,주차장/현금결제/카드결제/화장실/흡연구역/유도및안내시설/경보및피난시설,체험
남원큰엉해변,남원큰엉해안경승지,,제주 서귀포시 남원읍 태위로 522-17,남원리 2379-3,33.2733498,126.7037120,,00:00,00:00,무료,주차장/화장실,해수욕장
섯알오름,,,제주 서귀포시 대정읍 상모리 1618,상모리 1618,33.2041832,126.2815519,,00:00,00:00,,주차장,등산
김녕 월정 지질트레일,,,제주 제주시 구좌읍 김녕로 209,김녕리 497-1,33.5551855,126.7627460,,00:00,00:00,,주차장,등산
아날로그감귤밭,,010-4953-0846,제주 제주시 해안마을8길 46,해안동 2463,33.4556758,126.4508725,https://blog.naver.com/wannabelej,10:00,18:00,화요일휴무,주차장,체험
제주허브동산,,064-787-7362,제주 서귀포시 표선면 돈오름로 170,표선리 2608,33.3291242,126.8147261,http://www.herbdongsan.com/,09:00,22:00,동절기 17:30 부터 야간입장/하절기 18:30 부터 야간입장,주차장/현금결제/카드결제/화장실/와이파이/편의점/유도및안내시설/경보및피난시설,식물원
코코몽 에코파크,,1661-4284,제주 서귀포시 남원읍 태위로 536,남원리 2380,33.2751599,126.7082084,http://www.cocomongjeju.com/,10:00,18:00,연중무휴/3월~10월 10:00~18:00/11월~2월 10:00~17:30/폐장 1시간 전 입장마감,주차장/현금결제/카드결제/화장실/편의점/유도및안내시설/경보및피난시설,테마파크
평대리해변,,,제주 제주시 구좌읍 평대리 515-24,평대리 515-24,33.5323119,126.8480806,,00:00,00:00,,주차장,해수욕장
서귀포잠수함,,064-732-6060,제주 서귀포시 남성중로 40,서홍동 707-5,33.2392012,126.5584239,https://www.facebook.com/seogwiposubmarin/,09:20,16:00,각각 운항시간 상이,주차장/현금결제/카드결제/화장실/와이파이/흡연구역/음료대/유도및안내시설/경보및피난시설,체험
이니스프리제주하우스,,064-794-5351,제주 서귀포시 안덕면 산화역사로 426,동광리 1393-14,33.3095697,126.3330412,https://www.innisfree.com/kr/ko/Main.do,09:00,18:00,,주차장/현금결제/카드결제/화장실/와이파이/음료대/유도및안내시설/경보및피난시설,테마파크
제주올레 7코스,,064-762-2190,제주 서귀포시 서홍동 795-1,서홍동 795-1,33.2405418,126.5481024,https://www.jejuolle.org/trail/kor/,00:00,00:00,,,등산
지미봉,,064-710-6043,제주 제주시 구좌읍 종달로1길 91-16,종달리 513,33.4966449,126.9064982,,00:00,00:00,,주차장,등산
퍼시픽 리솜 요트투어 샹그릴라,,064-1544-2988,제주 서귀포시 중문관광로 154-17,색달동 2950-4,33.2450404,126.4155992,http://www.pacificland.co.kr/,09:00,18:30,연중무휴/예약필수,주차장/현금결제/카드결제/화장실/편의점/음료대/유도및안내시설/경보및피난시설,체험
제주판타지월드,,064-760-9800,제주 제주시 애월읍 평화로 2157,소길리 155-101,33.4131404,126.3927855,http://fantasyworld.co.kr/,10:00,23:00,유료,주차장/현금결제/카드결제/화장실/와이파이/편의점/음료대/유도및안내시설/경보및피난시설,테마파크
약천사,,064-738-5000,제주 서귀포시 이어도로 293-28,대포동 1165,33.2452785,126.4501816,http://www.yakchunsa.org/,00:00,00:00,,주차장/화장실,지역명소
어승생,,064-710-7826,제주 제주시 해안동 1100도로 555,해안동 산220-12,33.4570006,126.4586808,,00:00,00:00,,주차장,등산
원앙폭포,,,제주 서귀포시 돈내코로 137,상효동 1463,33.3005024,126.5819505,,00:00,00:00,,주차장,지역명소
이중섭거주지,,064-760-3567,제주 서귀포시 이중섭로 29,서귀동 512-1,33.2454904,126.5644590,,00:00,00:00,,주차장/화장실/편의점/음료대/유도및안내시설/경보및피난시설,지역명소
모슬포항,,,제주 서귀포시 대정읍 신영로36번길 48,하모리 1089-35,33.2190593,126.2484149,,00:00,00:00,,주차장,지역명소
알뜨르비행장,,064-760-4012,제주 서귀포시 대정읍 상모리 ,상모리,33.2223404,126.2726557,,00:00,00:00,,유도및안내시설,지역명소
엉또폭포,,064-760-3192,제주 서귀포시 염돈로 121-8,강정동 5628,33.2588215,126.4919178,,09:00,18:00,무료,주차장/화장실/유도및안내시설,자연명소
제주레포츠랜드,,064-784-8800,제주 제주시 조천읍 와흘상서2길 47,와흘리 870,33.4823230,126.6387273,http://www.leportsland.kr/main/main.php,09:00,19:00,매일 09:00 -19:00 하절기/매일 09:00 - 17:30 동절기,주차장/현금결제/카드결제/화장실,체험
대평포구,,,제주 서귀포시 안덕면 감천로 190,감산리 982-2,33.2586121,126.3580521,,00:00,00:00,,주차장,드라이브
제주항공우주박물관,,064-800-2000,제주 서귀포시 안덕면 녹차분재로 218,서광리 산39,33.3042074,126.2996615,https://www.jdc-jam.com/index.jam,09:00,18:00,매월 세번째 월요일 휴관/공휴일인 경우 다음날 휴관/17시입장마감,주차장,박물관
박수기정,,,제주 서귀포시 안덕면 난드르로 90-25,감산리 1008,33.2371648,126.3587491,,00:00,00:00,연중무휴,주차장,자연명소
생각하는정원,,064-772-3701,제주 한경면 녹차분재로 675,저지리 1534,33.3255845,126.2550051,http://www.spiritedgarden.com/,08:30,19:00,매일 8:30 - 18:00 10월-3월/매일 8:30 - 19:00 4월-9월,주차장/현금결제/카드결제/화장실/와이파이/편의점/음료대/유도및안내시설/경로및피난시설,테마파크
일출랜드,,064-784-2080,제주 서귀포시 성산읍 중산간동로 4150-30,삼달리 1010,33.3849994,126.8398599,http://www.ilchulland.com/,08:30,17:00,일몰 한시간 전까지 입장가능,주차장/현금결제/카드결제/화장실/와이파이/편의점/음료대/유도및안내시설/경보및피난시설,테마파크
탑동,,064-728-3394,제주 제주시 중앙로 2 ,삼도이동 1262,33.5181476,126.5239547,,00:00,00:00,,주차장,지역명소
한라수목원,,064-710-7575,제주 제주시 수목원길 72,연동 1000,33.4695867,126.4932440,,09:00,18:00,설날 휴관/추석 휴관,주차장/화장실/와이파이/음료대/유도및안내시설/경보및피난시설/엘리베이터,식물원
닭머르해안길,,,제주 제주시 조천읍 신촉북3길 62-1,신촌리 2408-1,33.5378712,126.6132212,,00:00,00:00,,,자연명소
도두봉,,064-710-6043,제주 제주시 도두동 산1,도두동 산1,33.5085344,126.4690414,,00:00,00:00,,화장실/유도및안내시설,등산
위미리 동백나무군락,,,제주 서귀포시 남원읍 위미중앙로300번길 15,위미리 904-3,33.2729412,126.6750048,,00:00,00:00,,주차장/화장실,자연명소
제주대학교 가는길,,,제주 제주시 제주대학로 102,아라일동 1,33.4572370,126.5642939,,00:00,00:00,,주차장/화장실,자연명소
동백동산,,064-784-9446,제주 제주시 조천읍 북흘로 385-10,선흘리 산12,33.5150807,126.7075123,,09:00,18:00,무료,주차장/화장실/음료대/유도및안내시설,등산
사라오름,,064-710-7826,제주 서귀포시 남원읍 신례리 산 2-1,신례리 산 2-1,33.3641266,126.6050702,,00:00,00:00,,주차,등산
월정리 카약체험장,,064-743-0051,제주 제주시 구좌읍 일주동로 2361-2,월정리 1400-4,33.5509999,126.7819912,,09:00,17:00,체험시간 = 30분,주차,체험
제주공룡랜드,,064-746-3060,제주 제주시 애월읍 광령평화2길 1,광령리 2698,33.4427760,126.4323607,http://jdpark.kr/,09:30,18:30,매일 09:30 - 18:30하절기(매표마감 17:30)/매일 09:30 - 18:00 동절기(입장마감17:00),주차/현금결제/카드결제/화장실/편의점/유도및안내시설/경보및피난시설/임산부휴게시설,테마파크
종달리수국길,,,제주 제주시 구좌읍 해맞이해안로 2121,종달리 85,33.5090084,126.9092680,,00:00,00:00,,주차,자연명소
지니어스 로사이,,064-731-7791,제주 서귀포시 성산읍 고성리 21,고성리 21,33.4290206,126.9322309,,09:00,18:00,17:30까지 매표,주차/현금결제/카드결제/화장실/편의점/유도및안내시설/경보및피난시설,자연명소
테디베어뮤지엄제주,,064-738-7600,제주 서귀포시 중문관광로 110번길 31,색달동 2889,33.2503032,126.4121588,http://www.teddybearmuseum.com/site/,09:00,19:00,입장마감 18:00,주차/현금결제/카드결제/화장실/엘리베이터,테마파크
형제섬,,064-760-2913,제주 서귀포시 안덕면 사계리 산44,사계리 산44,33.2100177,126.3142886,,00:00,00:00,,주차장/화장실/편의점/음료대/유도및안내시설/경보및피난시설,섬
관음사,,064-724-6830,제주 제주시 산록북로 660,아라1동 387,33.4217204,126.5587508,http://www.jejugwaneumsa.or.kr/,00:00,00:00,연중무휴,주차장/화장실,지역명소
동굴의 다원 다희연,,064-782-0005,제주 제주시 조천읍 선교로 117,선흘리 600,33.4869066,126.7061323,http://www.daheeyeon.com/,09:00,17:30,매일 09:00 - 17:30(11월~1월)/매일 09:00 - 18:00(2월~4월)/매일 09:00 -18:30(5월)/매일 09:00 - 19:00(6월~10월),주차장/현금결제/카드결제/화장실/와이파이/흡연구역/편의점/음료대/유도및안내시설/경보및피난시설,테마공원
범섬,,064-760-2651,제주 서귀포시 법환동,번환동,33.2431481,126.5141448,,00:00,00:00,,,자연명소
산방굴사,,064-760-6321,제주 서귀포시 안덕면 사계리 산 16,사계리 산 16,33.2423924,126.3139508,,08:30,18:00,연중무휴,주차장/현금결제/카드결제/화장실/편의점/음료대/유도및안내시설,자연명소
성산항,성산포종합여객터미널,064-795-8095,제주 서귀포시 성산읍 성산등용로 129-21,성산리 347-9,33.4724716,126.9299773,,00:00,00:00,,주차장,지역명소
제주올레 8코스,,064-762-2190,제주 서귀포시 예래해안로 256,하예동 532-3,33.2365498,126.3887523,https://www.jejuolle.org/trail/kor/,00:00,00:00,,,등산
제주해양동물박물관,,064-782-3711,제주 서귀포시 성산읍 서성일로 689-21,수산리 3233,33.4294862,126.8551274,http://www.jejumarineanimal.com/,09:00,18:00,매주 수요일 휴관,주차장/현금결제/카드결제/화장실/와이파이/편의점/음료대/유도및안내시설/경보및피난시설/엘리베이터,박물관
혼인지,,064-710-6798,제주 서귀포시 성산읍 혼인지로 39-22,온평리 1693,33.4148431,126.8940799,https://blog.naver.com/jejuhoninji,08:00,17:00,연중무휴,화장실/음료대/유도및안내시설/경보및피난시설,자연명소
귤밭76번지,,070-4001-5303,제주 서귀포시 안덕면 병악로 76,상창리 906,33.2830622,126.3651480,http://www.gul76.com/index.php,10:00,17:00,입장마감 16:00,주차장/현금결제/화장실/음료대/유도및안내시설/경보및피난시설,체험
당산봉,당오름,064-710-6043,제주 제주시 한경면 고산리 산 15,고산리 산 15,33.3074929,126.1721474,,00:00,00:00,,주차장,등산
삼성혈,,064-722-3315,제주 제주시 삼성로 22,이도일동 1313,33.5054524,126.5285967,http://www.samsunghyeol.or.kr/index.php,09:00,18:00,매표마감 17:30/설날 10시개장/추석 10시개장,현금결제/카드결제/화장실/와이파이/편의점/음료대/유도및안내시설/경보및피난시설,유적
1100고지,,064-747-1105,제주 서귀포시 1100로 1555,1000로 1555,33.3578491,126.4624245,,00:00,00:00,,주차장,자연명소
물영아리오름,,064-728-6200,제주 서귀포시 남원읍 태수로 552,수산리 산188,33.3267017,126.7169606,,00:00,00:00,,주차/화장실,등산
법환포구,,,제주 서귀포시 막숙포로37번길 2,법환동 287-3,33.2378662,126.5157295,,00:00,00:00,,주차장,해변
사계해안도로,형제해안도로,064-760-2772,제주 서귀포시 안덕면 사계리,사계리,33.2316941,126.3065141,,00:00,00:00,,주차장/화장실/편의점/음료대/유도및안내시설,드라이브
서귀포항,,,제주 서귀포시 칠십리로72번길 14,서귀동 758-4,33.2389050,126.5648690,,00:00,00:00,,주차/화장실,해변
소천지,,,제주 서귀포시 칠십리로485번길 2,복목동 1637-17,33.2417515,126.6027114,,00:00,00:00,,,해변
알작지해변,,,제주 제주시 테우해안로 60,내도동 475,33.4961752,126.4412261,,00:00,00:00,,,해변
정물오름,,064-710-6043,제주 제주시 한림읍 산록남로 214-12,금악리 산52-5,33.3388411,126.3350891,,00:00,00:00,,주차장,등산
제주베니스랜드,더베니스랜드,064-784-6565,제주 서귀포시 성산읍 난산리 2575,서성일로 474,33.4153964,126.8407025,http://theveniceland.com/,09:00,18:00,유료/장애인 입장료:12000원,주차장/현금결제/카드결제/화장실/흡연구역/편의점/음료대/유도및안내시설/경보및피난시설,테마파크
제주커피박물관,,064-784-2255,제주 서귀포시 성산읍 서성일로1168번길 89-17,고성리 2040-1,33.4398493,126.8990026,http://jejubaum.com/,09:30,18:30,동절기:9:00~1800/하절기:09:00~19:00,주차장/현금결제/카드결제/화장실/와이파이,박물관
종달리해안도로,,,제주 제주시 구좌읍 종달리 630-1,동달리 630-1,33.4828955,126.9017092,,00:00,00:00,,,드라이브
터진목 & 성산면 4.3희생자 위령비,,,제주 서귀포시 성산읍 일출로 88-19,고성리 224-1,33.4499569,126.9223454,http://43archives.or.kr/viewHistoricSiteD.do?historicSiteSeq=13,00:00,00:00,,주차장,유적
표선~세화해안도로,,064-760-2772,제주 서귀포시 표선면 표선리,표선리,33.3265291,126.8287399,,00:00,00:00,,,드라이브
넥슨컴퓨터박물관,,064-745-1994,제주 제주시 1100로 3198-8,노형동 86,33.4721200,126.4857998,https://nexoncomputermuseum.org/,10:00,18:00,방문시사전예약필요/월요일 휴무/설날 휴관/추석 휴관,주차장/현금결제/카드결제/화장실/와이파이/흡연구역/편의점/음료대/유도및안내시설/경보및피난시설/임산부휴게시설/엘리베이터,박물관